,Title,Rating,RTCritic,RTFan,IMDb,Metacritic,BoxOffice,Year,Action,Animation,Family,Scifi,Comedy,Drama,Romance,Horror,Mystery,title,budget,popularity,production_companies,release_date,revenue,runtime,status,tagline,vote_average,vote_count,allFans,allCritics,aggregate_rating,profit_pct,profit_margin
0,Treasure Planet,PG,69,70,71.0,60,50.70033682,2002,1,1,1,1,0,0,0,0,0,Treasure Planet,186.2,16.141913,"[{'name': 'Walt Disney Pictures', 'id': 2}, {'name': 'Walt Disney Feature Animation', 'id': 10217}]",2002-11-26,109578115.0,95.0,Released,Find your place in the universe.,7.2,980.0,70.5,64.5,67.5,0.2722896714285714,-2.6725594281762013
1,About Schmidt,R,85,74,72.0,85,86.45693861,2002,0,0,0,0,1,1,0,0,0,About Schmidt,39.9,11.066473,"[{'name': 'New Line Cinema', 'id': 12}, {'name': 'Avery Pix', 'id': 1565}]",2002-12-13,105834556.0,125.0,Released,Schmidt Happens,6.7,365.0,73.0,85.0,79.0,2.1668405666666666,0.538498579275568
2,Secretary,R,76,82,70.0,63,5.38216021,2002,0,0,0,0,1,1,1,0,0,Secretary,5.32,10.936827,"[{'name': 'Slough Pond', 'id': 4730}, {'name': 'double A Films', 'id': 4731}]",2002-01-11,9304609.0,104.0,Released,Assume the position.,6.8,378.0,76.0,69.5,72.75,1.01168425,0.01154930503267201
3,Big Trouble,PG13,48,54,65.0,47,9.65884304,2002,0,0,0,0,1,1,0,0,0,Big Trouble,53.2,5.761051,"[{'name': 'Touchstone Pictures', 'id': 9195}]",2002-04-05,8493890.0,85.0,Released,They have forty-five minutes to save the world. They need forty-six.,6.3,82.0,59.5,47.5,53.5,0.1815572,-4.507906048341789
4,Resident Evil,R,34,67,67.0,33,53.35921297000001,2002,1,0,0,0,0,0,0,1,1,Resident Evil,43.89,7.781293,"[{'name': 'Impact Pictures', 'id': 248}, {'name': 'Davis-Films', 'id': 342}, {'name': 'New Legacy', 'id': 939}, {'name': 'Constantin Film Produktion', 'id': 5755}]",2002-03-15,102984862.0,100.0,Released,A secret experiment. A deadly virus. A fatal mistake.,6.4,2100.0,67.0,33.5,50.25,1.2157487575757577,0.1774616311399468
5,Panic Room,R,76,63,68.0,65,126.76012811,2002,0,0,0,0,0,1,0,0,1,Panic Room,63.84,14.969502,"[{'name': 'Hofflund/Polone', 'id': 1685}, {'name': 'Indelible Productions', 'id': 7795}]",2002-03-29,196397415.0,111.0,Released,,6.6,1303.0,65.5,70.5,68.0,1.9855909791666666,0.4963716039747066
6,Die Another Day,PG13,58,41,61.0,58,214.05304487,2002,1,0,0,0,0,0,0,0,1,Die Another Day,186.2,12.996474,"[{'name': 'Eon Productions', 'id': 7576}]",2002-11-17,431971116.0,133.0,Released,He’s never been cooler.,5.8,1112.0,51.0,58.0,54.5,1.1495867071428572,0.13012216148065495
7,Life or Something Like It,PG13,28,44,58.0,31,19.21662337,2002,0,0,0,0,1,0,1,0,0,Life or Something Like It,53.2,6.332398,"[{'name': 'Regency Enterprises', 'id': 508}, {'name': 'Epsilon Motion Pictures', 'id': 1171}, {'name': 'Davis Entertainment', 'id': 1302}, {'name': 'New Regency Pictures', 'id': 10104}, {'name': 'Monarchy Enterprises S.a.r.l.', 'id': 77845}, {'name': 'Atchity Entertainment International (AEI)', 'id': 81134}]",2002-04-26,16872671.0,103.0,Released,,5.7,126.0,51.0,29.5,40.25,0.361214725,-1.7684364196393156
8,Martin Lawrence Live: Runteldat,R,39,70,54.0,40,25.515810600000002,2002,0,0,0,0,1,0,0,0,0,Martin Lawrence Live: Runteldat,3.99,0.527297,[],2002-08-01,19184015.0,113.0,Released,,5.0,1.0,62.0,39.5,50.75,6.39494,0.8436263670964856
9,Star Wars: Episode II - Attack of the Clones,PG,66,57,66.0,54,413.20006420000004,2002,0,0,0,1,0,0,0,0,0,Star Wars: Episode II - Attack of the Clones,159.6,14.072511,"[{'name': 'Lucasfilm', 'id': 1}]",2002-05-15,649398328.0,142.0,Released,A Jedi Shall Not Know Anger. Nor Hatred. Nor Love.,6.4,4074.0,61.5,60.0,60.75,2.5889728333333335,0.6137464298099691
10,Big Fat Liar,PG,42,44,54.0,36,63.58899575,2002,0,0,1,0,1,0,0,0,0,Big Fat Liar,19.95,4.643981,"[{'name': 'Universal Pictures', 'id': 33}]",2002-02-08,52970014.0,88.0,Released,The truth is never overrated,5.6,202.0,49.0,39.0,44.0,3.1874183333333335,0.6862664716638492
11,Men in Black II,PG13,39,45,61.0,49,253.25700799,2002,0,0,0,1,1,0,0,0,0,Men in Black II,186.2,16.775716,"[{'name': 'Columbia Pictures', 'id': 5}, {'name': 'Amblin Entertainment', 'id': 56}, {'name': 'Columbia Pictures Corporation', 'id': 441}, {'name': 'Parkes+MacDonald Image Nation', 'id': 49325}]",2002-07-03,441818803.0,88.0,Released,Same Planet. New Scum.,6.1,3188.0,53.0,44.0,48.5,1.3601343071428573,0.26477848933857656
12,Narc,R,84,79,72.0,70,13.919326470000001,2002,1,0,0,0,0,1,0,0,1,Narc,8.645,5.20644,"[{'name': 'Paramount Pictures', 'id': 4}, {'name': 'Lions Gate Films', 'id': 35}, {'name': 'Cruise/Wagner Productions', 'id': 44}]",2002-01-14,12633747.0,105.0,Released,,6.8,144.0,75.5,77.0,76.25,1.6101013846153849,0.3789210980407446
13,Catch Me If You Can,PG13,96,89,81.0,76,218.927044,2002,1,0,0,0,0,1,0,0,0,Catch Me If You Can,69.16,19.833077,"[{'name': 'Kemp Company', 'id': 367}, {'name': 'Splendid Pictures', 'id': 368}, {'name': 'Parkes/MacDonald Productions', 'id': 11084}]",2002-12-25,352114312.0,141.0,Released,The true story of a real fake.,7.7,3917.0,85.0,86.0,85.5,3.1655153846153845,0.6840956752697944
14,Out of Time,PG13,65,58,65.0,63,53.4080404,2003,1,0,0,0,0,1,0,0,1,Out of Time,65.0,10.738888,"[{'name': 'Original Film', 'id': 333}, {'name': 'Monarch Pictures', 'id': 966}, {'name': 'Metro-Goldwyn-Mayer (MGM)', 'id': 8411}]",2003-10-03,55495563.0,105.0,Released,The Clock Is Ticking...,6.1,305.0,61.5,64.0,62.75,0.8216621599999999,-0.2170452147875473
15,Duplex,PG13,35,40,59.0,50,12.5476,2003,0,0,0,0,1,0,0,0,0,Duplex,52.0,12.160363,"[{'name': 'Miramax Films', 'id': 14}, {'name': 'Flower Films', 'id': 2214}]",2003-09-26,19322135.0,89.0,Released,,5.9,500.0,49.5,42.5,46.0,0.2413,-3.144218814753419
16,Freddy vs. Jason,R,41,50,58.0,37,107.4094515,2003,0,0,0,0,0,0,0,1,1,Freddy vs. Jason,39.0,14.015739,"[{'name': 'New Line Cinema', 'id': 12}, {'name': 'Cecchi Gori Group Tiger Cinematografica', 'id': 371}, {'name': 'Avery Pix', 'id': 1565}, {'name': 'Sean S. Cunningham Films', 'id': 17611}, {'name': 'Crystal Lake Entertainment', 'id': 21783}, {'name': 'WTC Productions', 'id': 50102}, {'name': 'Yannix Technology Corporation', 'id': 53063}]",2003-08-15,114908830.0,97.0,Released,Evil Will Battle Evil,5.8,608.0,54.0,39.0,46.5,2.7540885,0.6369034618894781
17,The Haunted Mansion,PG,13,30,49.0,34,98.56339220000001,2003,0,0,1,1,1,0,0,1,1,The Haunted Mansion,117.0,11.605735,"[{'name': 'Walt Disney Pictures', 'id': 2}, {'name': 'Gunn Films', 'id': 3538}, {'name': 'Doom Buggy Productions', 'id': 47122}]",2003-11-25,182290266.0,87.0,Released,Check your pulse at the door... if you have one.,5.1,481.0,39.5,23.5,31.5,0.8424221555555557,-0.18705330030230016
18,21 Grams,R,81,86,77.0,70,21.1233113,2003,0,0,0,0,0,1,0,0,0,21 Grams,26.0,6.372278,"[{'name': 'This Is That Productions', 'id': 10059}, {'name': 'Y Productions', 'id': 10887}, {'name': 'Mediana Productions Filmgesellschaft', 'id': 10888}]",2003-09-06,60427839.0,124.0,Released,How much does life weigh?,7.2,943.0,81.5,75.5,78.5,0.81243505,-0.23086762443348544
19,Pirates of the Caribbean: The Curse of the Black Pearl,PG13,79,86,80.0,63,397.03459119999997,2003,1,0,0,1,0,0,0,0,0,Pirates of the Caribbean: The Curse of the Black Pearl,182.0,47.326665,"[{'name': 'Walt Disney Pictures', 'id': 2}, {'name': 'Jerry Bruckheimer Films', 'id': 130}]",2003-07-09,655011224.0,143.0,Released,Prepare to be blown out of the water.,7.5,7191.0,83.0,71.0,77.0,2.1815087428571425,0.5416016537755011
20,Hollywood Homicide,PG13,30,27,53.0,47,39.2701205,2003,1,0,0,0,1,0,0,0,0,Hollywood Homicide,97.5,11.080439,"[{'name': 'Columbia Pictures', 'id': 5}, {'name': 'Revolution Studios', 'id': 497}]",2003-06-09,51142659.0,116.0,Released,,5.0,172.0,40.0,38.5,39.25,0.40277046666666666,-1.482803687857286
21,Shattered Glass,PG13,91,79,72.0,73,2.8703675,2003,0,0,0,0,0,1,0,0,0,Shattered Glass,7.8,6.0872,"[{'name': 'Lions Gate Films', 'id': 35}, {'name': 'Cruise/Wagner Productions', 'id': 44}, {'name': 'Baumgarten Merims Productions', 'id': 14652}]",2003-11-14,2944752.0,94.0,Released,,6.6,114.0,75.5,82.0,78.75,0.36799583333333336,-1.717422072260782
22,X2,PG13,86,85,75.0,68,279.4346022,2003,1,0,0,1,0,0,0,0,0,X2,143.0,0.913096,"[{'name': 'Twentieth Century Fox Film Corporation', 'id': 306}, {'name': ""Donners' Company"", 'id': 431}, {'name': 'Bad Hat Harry Productions', 'id': 9168}, {'name': 'Marvel Enterprises', 'id': 19551}, {'name': 'XM2 Productions', 'id': 79026}, {'name': 'XF2 Canada Productions', 'id': 79027}]",2003-04-24,407711549.0,133.0,Released,The time has come for those who are different to stand united.,6.8,3572.0,80.0,77.0,78.5,1.954088127272727,0.4882523535948834
23,The Jungle Book 2,G,19,30,54.0,38,62.2720566,2003,0,1,1,0,0,0,0,0,0,The Jungle Book 2,26.0,10.605851,"[{'name': 'Walt Disney Pictures', 'id': 2}, {'name': 'Walt Disney Television Animation', 'id': 3475}, {'name': 'Walt Disney Animation Australia', 'id': 3476}, {'name': 'DisneyToon Studios', 'id': 5391}]",2003-02-07,135680000.0,72.0,Released,Feel the jungle beat,5.6,278.0,42.0,28.5,35.25,2.3950791,0.5824772551353314
24,Big Fish,PG13,77,89,80.0,58,86.36272710000001,2003,0,0,0,0,1,1,0,0,0,Big Fish,91.0,14.739983,"[{'name': 'Columbia Pictures', 'id': 5}, {'name': 'The Zanuck Company', 'id': 80}, {'name': 'Jinks/Cohen Company', 'id': 2721}, {'name': 'Tim Burton Productions', 'id': 8601}]",2003-12-25,122919055.0,125.0,Released,An adventure as big as life itself.,7.6,2064.0,84.5,67.5,76.0,0.9490409571428573,-0.053695304163223725
25,The Rundown,PG13,70,66,67.0,59,61.9342659,2003,1,0,0,0,1,0,0,0,0,The Rundown,110.5,8.304835,"[{'name': 'Columbia Pictures', 'id': 5}, {'name': 'Universal Pictures', 'id': 33}, {'name': 'Strike Entertainment', 'id': 655}, {'name': 'WWE Studios', 'id': 10339}, {'name': 'Misher Films', 'id': 11581}, {'name': 'IM3 Entertainment', 'id': 90249}]",2003-09-26,80916492.0,104.0,Released,cut to the chase,6.4,523.0,66.5,64.5,65.5,0.5604910941176471,-0.784149668915346
26,The Hunted,R,29,47,60.0,40,44.5042104,2003,1,0,0,0,0,0,0,0,1,The Hunted,71.5,7.481524,"[{'name': 'Lakeshore Entertainment', 'id': 126}, {'name': 'Alphaville Films', 'id': 11462}]",2003-03-11,34234008.0,94.0,Released,Some men should not be found.,6.0,194.0,53.5,34.5,44.0,0.6224365090909091,-0.6065895643887214
27,Connie and Carla,PG13,44,70,63.0,44,10.1398815,2004,0,0,0,0,1,0,0,0,0,Connie and Carla,25.2,9.502332,"[{'name': 'Universal Pictures', 'id': 33}, {'name': 'Spyglass Entertainment', 'id': 158}, {'name': 'Epsilon Motion Pictures', 'id': 1171}, {'name': 'CCLA Productions', 'id': 95595}]",2004-04-16,11341016.0,98.0,Released,"When you follow your dream, there's no telling what you'll become.",6.4,24.0,66.5,44.0,55.25,0.40237625,-1.4852361440318607
28,The Punisher,R,29,63,65.0,33,42.417106200000006,2004,1,0,0,0,0,1,0,0,0,The Punisher,11.34,12.597613,"[{'name': 'New World Pictures', 'id': 1950}]",1989-10-05,0.0,89.0,Released,,5.5,109.0,64.0,31.0,47.5,3.7404855555555563,0.73265502963519
29,The Cookout,PG13,5,37,36.0,15,14.540541119999999,2004,0,0,0,0,1,0,0,0,0,The Cookout,20.16,1.758079,"[{'name': 'Cookout Productions', 'id': 3494}]",2004-09-03,12.0,97.0,Released,"This summer, get your grill on!",4.6,10.0,36.5,10.0,23.25,0.7212569999999999,-0.38646834623442144
30,Along Came Polly,PG13,25,47,59.0,44,110.97261882000001,2004,0,0,0,0,1,1,1,0,0,Along Came Polly,52.92,15.725542,"[{'name': 'Jersey Films', 'id': 216}, {'name': 'Loofah Productions', 'id': 53626}]",2004-01-16,171963386.0,90.0,Released,"For the most cautious man on Earth, life is about to get interesting.",5.8,795.0,53.0,34.5,43.75,2.096988261904762,0.52312560915736
31,Team America: World Police,R,77,80,72.0,64,41.296290840000005,2004,0,0,0,0,1,1,0,0,0,Team America: World Police,40.32,11.428941,"[{'name': 'Paramount Pictures', 'id': 4}, {'name': 'Scott Rudin Productions', 'id': 258}]",2004-10-10,50907422.0,98.0,Released,Putting The 'F' back in 'Freedom',6.6,667.0,76.0,70.5,73.25,1.0242135625000002,0.023641126603417835
32,EuroTrip,R,46,75,66.0,45,22.32496098,2004,0,0,0,0,1,0,0,0,0,EuroTrip,31.5,6.275468,"[{'name': 'DreamWorks SKG', 'id': 27}, {'name': 'The Montecito Picture Company', 'id': 2364}, {'name': 'Blue Sea Productions', 'id': 53012}]",2004-02-20,20796847.0,93.0,Released,No actual Europeans were harmed in the making of this film.,6.5,673.0,70.5,45.5,58.0,0.70872892,-0.4109767102491034
33,Harry Potter and the Prisoner of Azkaban,PG,91,86,78.0,82,314.41907951999997,2004,0,0,1,1,0,0,0,0,0,Harry Potter and the Prisoner of Azkaban,163.8,28.460276,"[{'name': '1492 Pictures', 'id': 436}, {'name': 'Heyday films', 'id': 437}, {'name': 'Warner Bros.', 'id': 6194}]",2004-05-31,789804554.0,141.0,Released,Something wicked this way comes.,7.7,6037.0,82.0,86.5,84.25,1.9195303999999997,0.4790392483494921
34,Hidalgo,PG13,47,64,67.0,54,84.78128106,2004,1,0,0,0,0,0,0,0,0,Hidalgo,126.0,8.140709,"[{'name': 'Casey Silver Productions', 'id': 877}, {'name': 'Touchstone Pictures', 'id': 9195}, {'name': 'Dune Films', 'id': 19477}]",2004-03-05,108103450.0,136.0,Released,Unbridled. Unbroken. Unbeaten.,6.5,321.0,65.5,50.5,58.0,0.67286731,-0.4861771186357679
35,The Alamo,PG13,29,45,60.0,47,28.23201612,2004,1,0,0,0,0,1,0,0,0,The Alamo,15.12,4.73816,"[{'name': 'United Artists', 'id': 60}, {'name': 'Batjac Productions', 'id': 2532}, {'name': 'The Alamo Company', 'id': 12187}]",1960-10-23,7900000.0,167.0,Released,The Mission That Became a Fortress! The Fortress That Became a Shrine!,6.5,63.0,52.5,38.0,45.25,1.8671968333333335,0.4644378235074485
36,Ocean's Twelve,PG13,55,60,65.0,58,158.16985884000002,2004,1,0,0,0,1,1,0,0,0,Ocean's Twelve,138.6,11.869347,"[{'name': 'Village Roadshow Pictures', 'id': 79}, {'name': 'Section Eight', 'id': 129}, {'name': 'Jerry Weintraub Productions', 'id': 2596}, {'name': 'Warner Bros.', 'id': 6194}, {'name': 'WV Films III', 'id': 12202}]",2004-12-09,362744280.0,125.0,Released,Twelve is the new eleven.,6.4,2169.0,62.5,56.5,59.5,1.1411966727272729,0.12372685278676462
37,After the Sunset,PG13,18,52,63.0,38,35.69344632,2004,1,0,0,0,1,1,0,0,0,After the Sunset,75.6,11.945666,"[{'name': 'New Line Cinema', 'id': 12}, {'name': 'Contrafilm', 'id': 1836}, {'name': 'Firm Films', 'id': 1838}]",2004-11-12,61347797.0,97.0,Released,Who will walk away?,6.0,227.0,57.5,28.0,42.75,0.47213553333333336,-1.1180358803750279
38,Catwoman,PG13,9,18,33.0,27,50.65499754,2004,1,0,0,0,0,1,0,0,0,Catwoman,126.0,13.340272,"[{'name': 'Village Roadshow Pictures', 'id': 79}, {'name': 'DiNovi Pictures', 'id': 813}, {'name': 'Warner Bros.', 'id': 6194}, {'name': 'Frantic Films', 'id': 52945}, {'name': 'Maple Shade Films', 'id': 52946}, {'name': 'Catwoman Films', 'id': 52947}]",2004-07-22,82102379.0,104.0,Released,CATch her in IMAX,4.2,833.0,25.5,18.0,21.75,0.40202379,-1.4874149860633872
39,The Sea Inside,PG13,84,92,80.0,74,2.6287947000000003,2004,0,0,0,0,0,1,0,0,0,The Sea Inside,16.13556,14.69768,"[{'name': 'Canal Plus', 'id': 104}, {'name': 'Sogecine', 'id': 692}, {'name': 'Himenóptero', 'id': 784}, {'name': 'Eurimages', 'id': 850}, {'name': 'Televisión Española (TVE)', 'id': 6639}, {'name': 'Union Générale Cinématographique (UGC)', 'id': 7248}, {'name': 'Televisión de Galicia (TVG) S.A.', 'id': 10050}, {'name': 'Ministerio de Cultura', 'id': 11408}, {'name': 'Sogepaq', 'id': 11955}, {'name': 'Eyescreen S.r.l.', 'id': 12012}, {'name': 'Filmanova', 'id': 28812}]",2004-09-03,38535221.0,125.0,Released,Sensitive Drama About a Polemic Theme,7.2,224.0,86.0,79.0,82.5,0.16291933468686554,-5.138006897229365
40,The Bourne Supremacy,PG13,81,90,78.0,73,221.870187,2004,1,0,0,0,0,1,0,0,1,The Bourne Supremacy,94.5,20.40426,"[{'name': 'Universal Pictures', 'id': 33}, {'name': 'The Kennedy/Marshall Company', 'id': 862}, {'name': 'Hypnotic', 'id': 7384}, {'name': 'Motion Picture THETA Produktionsgesellschaft', 'id': 11346}, {'name': 'Ludlum Entertainment', 'id': 11347}]",2004-07-23,288500217.0,108.0,Released,They should have left him alone.,7.2,2873.0,84.0,77.0,80.5,2.3478326666666667,0.5740752677149904
41,The Life Aquatic with Steve Zissou,R,56,82,73.0,62,30.24847476,2004,1,0,0,0,1,1,0,0,0,The Life Aquatic with Steve Zissou,63.0,6.936677,"[{'name': 'Touchstone Pictures', 'id': 9195}, {'name': 'American Empirical Pictures', 'id': 23449}]",2004-12-10,34808403.0,119.0,Released,"The deeper you go, the weirder life gets.",7.1,781.0,77.5,59.0,68.25,0.48013452,-1.0827496427459538
42,White Noise,PG13,8,31,55.0,30,68.4351192,2005,0,0,0,0,0,1,0,1,1,White Noise,12.2,6.143324,"[{'name': 'Universal Pictures', 'id': 33}, {'name': 'Brightlight Pictures', 'id': 1063}, {'name': 'Endgame Entertainment', 'id': 1205}, {'name': 'The Movie Network (TMN)', 'id': 3388}, {'name': 'Canadian Film or Video Production Tax Credit (CPTC)', 'id': 8582}, {'name': 'Province of British Columbia Film Incentive BC', 'id': 11567}, {'name': 'Corus', 'id': 11573}, {'name': 'Gold Circle Films', 'id': 12026}, {'name': 'White Noise UK Ltd.', 'id': 55258}]",2005-01-07,91196419.0,101.0,Released,The line separating the living from the dead has been crossed.,5.6,267.0,43.0,19.0,31.0,5.6094360000000005,0.8217289581341154
43,Sin City,R,78,78,80.0,74,90.40666039999999,2005,1,0,0,0,0,1,0,0,1,Sin City,48.8,15.010525,"[{'name': 'Dimension Films', 'id': 7405}, {'name': 'Troublemaker Studios', 'id': 10807}, {'name': 'Miramax', 'id': 53009}]",2005-04-01,158733820.0,124.0,Released,Walk down the right back alley in Sin City and you can find anything...,7.2,2755.0,79.0,76.0,77.5,1.8525955,0.4602167607553834
44,Cinderella Man,PG13,80,91,80.0,69,75.21289142,2005,1,0,0,0,0,1,0,0,0,Cinderella Man,107.36,6.363884,"[{'name': 'Miramax Films', 'id': 14}, {'name': 'Imagine Entertainment', 'id': 23}, {'name': 'Universal Pictures', 'id': 33}, {'name': 'Parkway Pictures (I)', 'id': 631}, {'name': 'Touchstone Pictures', 'id': 9195}]",2005-06-02,108539911.0,144.0,Released,One man's extraordinary fight to save the family he loved.,7.3,630.0,85.5,74.5,80.0,0.7005671704545455,-0.4274148749379378
45,A Sound of Thunder,PG13,6,18,42.0,24,2.3185502199999997,2005,1,0,0,1,0,1,0,1,0,A Sound of Thunder,97.6,4.980191,"[{'name': 'Epsilon Motion Pictures', 'id': 1171}, {'name': 'Franchise Pictures', 'id': 1403}, {'name': 'Baldwin Entertainment Group', 'id': 2234}, {'name': 'Dante Entertainment', 'id': 2755}, {'name': 'Crusader Entertainment', 'id': 2978}, {'name': 'ETIC Films', 'id': 2979}, {'name': 'Forge', 'id': 2980}, {'name': 'QI Quality International GmbH Co. KG', 'id': 2981}, {'name': 'Signature Pictures', 'id': 2982}, {'name': 'ApolloMedia Distribution', 'id': 16850}, {'name': 'Coco', 'id': 87847}, {'name': 'Film 111', 'id': 87848}, {'name': 'Jericho Productions Ltd.', 'id': 87849}, {'name': 'MFF (Sound of Thunder)', 'id': 87850}, {'name': 'Matrix Film Finance', 'id': 87851}, {'name': 'Scenario Lane Productions', 'id': 87852}]",2005-05-15,5989640.0,110.0,Released,Some Rules Should Never Be Broken.,4.8,111.0,30.0,15.0,22.5,0.0237556375,-41.0952710698671
46,The Curse of the Were-Rabbit,G,95,79,75.0,87,68.40362734,2005,1,1,1,0,1,0,0,0,0,The Curse of the Were-Rabbit,36.6,11.766244,"[{'name': 'Aardman Animations', 'id': 297}, {'name': 'DreamWorks Animation', 'id': 521}]",2005-09-04,192452832.0,85.0,Released,Something bunny is going on...,6.8,660.0,77.0,91.0,84.0,1.8689515666666665,0.464940655587169
47,Dave Chappelle's Block Party,R,92,73,72.0,84,14.2966859,2005,0,0,0,0,1,0,0,0,0,Dave Chappelle's Block Party,3.66,2.092791,"[{'name': 'Yari Film Group', 'id': 2448}]",2005-09-12,11718595.0,100.0,Released,,6.5,29.0,72.5,88.0,80.25,3.906198333333333,0.7439966139285469
48,Cheaper by the Dozen 2,PG,6,57,55.0,34,100.73683106,2005,0,0,1,0,1,0,0,0,0,Cheaper by the Dozen 2,73.2,7.101422,"[{'name': 'Twentieth Century Fox Film Corporation', 'id': 306}, {'name': '21 Laps Entertainment', 'id': 2575}, {'name': 'Dozen Canada Productions', 'id': 87840}]",2005-12-21,129181830.0,94.0,Released,Same Big Family... Even Bigger Adventure.,5.8,542.0,56.0,20.0,38.0,1.3761862166666665,0.27335415230203886
49,Sky High,PG,73,57,62.0,62,78.00613388,2005,1,0,1,1,1,0,0,0,0,Sky High,42.7,8.061423,"[{'name': 'Walt Disney Pictures', 'id': 2}, {'name': 'Gunn Films', 'id': 3538}, {'name': 'Max Stronghold Productions Inc.', 'id': 56980}]",2005-07-29,86369815.0,100.0,Released,Saving The World... One Homework Assignment At A Time.,5.8,568.0,59.5,67.5,63.5,1.8268415428571425,0.4526071492571706
50,Hoodwinked!,PG,47,56,65.0,45,62.69166542,2005,0,1,1,0,1,0,0,0,0,Hoodwinked!,18.3,6.398984,"[{'name': 'The Weinstein Company', 'id': 308}, {'name': 'Kanbar Entertainment', 'id': 7580}, {'name': 'Blue Yonder Films', 'id': 49126}]",2005-12-16,51053787.0,80.0,Released,Armed And Dangerously Dumb.,6.0,491.0,60.5,46.0,53.25,3.4257740666666665,0.7080951689925611
51,Be Cool,PG13,29,42,57.0,37,68.13626922,2005,0,0,0,0,1,1,0,0,1,Be Cool,64.66,13.314233,"[{'name': 'Double Feature Films', 'id': 215}, {'name': 'Jersey Films', 'id': 216}, {'name': 'Nina Saxon Film Design', 'id': 1693}, {'name': 'Metro-Goldwyn-Mayer (MGM)', 'id': 8411}]",2005-03-04,95226116.0,118.0,Released,Everyone is looking for the next big hit,5.4,296.0,49.5,33.0,41.25,1.053762283018868,0.05101936545389278
52,A Lot Like Love,PG13,41,77,66.0,48,26.63965648,2005,0,0,0,0,1,1,1,0,0,A Lot Like Love,36.6,10.596719,"[{'name': 'Mile High Productions', 'id': 2976}, {'name': 'Kevin Messick Productions', 'id': 2977}, {'name': 'Touchstone Pictures', 'id': 9195}, {'name': 'Beacon Pictures', 'id': 10157}]",2005-04-22,42886719.0,107.0,Released,There's nothing better than a great romance... to ruin a perfectly good friendship.,6.5,329.0,71.5,44.5,58.0,0.7278594666666666,-0.3738915900615248
53,Harsh Times,R,48,55,69.0,56,4.07227582,2005,1,0,0,0,0,1,0,0,0,Harsh Times,2.44,7.659357,"[{'name': 'The Weinstein Company', 'id': 308}]",2005-09-11,5967038.0,120.0,Released,Take A Ride To The Edge,6.3,198.0,62.0,52.0,57.0,1.6689654999999999,0.40082644009118223
54,Get Rich or Die Tryin',R,16,70,51.0,45,37.797857,2005,0,0,0,0,0,1,0,0,0,Get Rich or Die Tryin',48.8,9.820229,"[{'name': 'Paramount Pictures', 'id': 4}, {'name': 'MTV Films', 'id': 746}, {'name': 'Cent Productions Inc.', 'id': 54336}]",2005-11-09,46442528.0,117.0,Released,If You Think You Know the Story...You Don't Know the Man.,6.3,188.0,60.5,30.5,45.5,0.7745462500000001,-0.2910784862750287
55,Deuce Bigalow: European Gigolo,R,9,33,46.0,23,27.328187879999998,2005,0,0,0,0,1,0,0,0,0,Deuce Bigalow: European Gigolo,26.84,5.341117,"[{'name': 'Columbia Pictures Corporation', 'id': 441}, {'name': 'Out of the Blue... Entertainment', 'id': 879}, {'name': 'Happy Madison Productions', 'id': 2608}]",2005-08-06,22400154.0,83.0,Released,For the women of Europe... The price of love just got a lot cheaper.,4.6,232.0,39.5,16.0,27.75,1.0181888181818182,0.01786389504286437
56,Dark Water,PG13,46,28,56.0,52,31.07717346,2005,0,0,0,0,0,0,0,1,1,Dark Water,36.6,6.53565,"[{'name': 'Vertigo Entertainment', 'id': 829}, {'name': 'Touchstone Pictures', 'id': 9195}, {'name': 'Post No Bills Films', 'id': 49696}, {'name': 'Pandemonium Productions', 'id': 49697}]",2005-06-27,25473093.0,105.0,Released,"This Season, The Mystery Of The Darkness Will Consume Your Life",5.3,275.0,42.0,49.0,45.5,0.8491031,-0.17771328358122826
57,The Marine,PG13,20,60,47.0,45,22.425292959999997,2006,1,0,0,0,0,1,0,0,0,The Marine,23.8,6.679168,"[{'name': 'Twentieth Century Fox Film Corporation', 'id': 306}, {'name': 'Pacific Film and Television Commission', 'id': 4024}, {'name': 'WWE Studios', 'id': 10339}]",2006-10-13,22165608.0,92.0,Released,War is Fine But The Fight Continues,5.0,165.0,53.5,32.5,43.0,0.9422391999999998,-0.06130163126305951
58,A Good Year,PG13,25,65,69.0,47,8.876567,2006,0,0,0,0,1,1,1,0,0,A Good Year,41.65,7.82187,"[{'name': 'Fox 2000 Pictures', 'id': 711}, {'name': 'Scott Free Productions', 'id': 1645}]",2006-09-09,42064105.0,118.0,Released,Everything matures... eventually.,6.5,360.0,67.0,36.0,51.5,0.21312285714285714,-3.6921292882710173
59,Notes on a Scandal,R,87,83,74.0,73,20.837040419999997,2006,0,0,0,0,0,1,0,0,0,Notes on a Scandal,17.85,8.593087,"[{'name': 'Fox Searchlight Pictures', 'id': 43}, {'name': 'Scott Rudin Productions', 'id': 258}, {'name': 'DNA Films', 'id': 284}, {'name': 'BBC Films', 'id': 288}, {'name': 'Ingenious Film Partners', 'id': 289}, {'name': 'UK Film Council', 'id': 2452}]",2006-12-25,49469904.0,92.0,Released,One woman's secret is another woman's power. One woman's fear is another woman's weapon. One woman's life is in another woman's hands....,6.9,239.0,78.5,80.0,79.25,1.1673411999999999,0.14335243200531242
60,An Inconvenient Truth,PG,93,78,75.0,75,28.73393159,2006,0,0,0,0,0,0,0,0,0,An Inconvenient Truth,1.19,6.684925,"[{'name': 'Lawrence Bender Productions', 'id': 2253}, {'name': 'Paramount Classics', 'id': 2315}, {'name': 'Participant Media', 'id': 6735}]",2006-01-24,46243000.0,100.0,Released,By far the most terrifying film you will ever see.,6.7,257.0,76.5,84.0,80.25,24.146161000000003,0.9585855490651288
61,Southland Tales,R,38,41,55.0,44,0.3277022,2006,0,0,0,1,1,0,0,0,1,Southland Tales,20.23,6.242588,"[{'name': 'Universal Pictures', 'id': 33}, {'name': 'Destination Films', 'id': 769}, {'name': 'Persistent Entertainment', 'id': 810}, {'name': 'Wild Bunch', 'id': 856}, {'name': 'MHF Zweite Academy Film', 'id': 8848}, {'name': 'Inferno Distribution', 'id': 11278}, {'name': 'Darko Entertainment', 'id': 12622}, {'name': 'Eden Roc Productions', 'id': 87783}, {'name': 'Cherry Road Films', 'id': 95289}, {'name': 'Academy Film', 'id': 95290}]",2006-05-15,374743.0,144.0,Released,Have a nice apocalypse.,5.2,154.0,48.0,41.0,44.5,0.016198823529411766,-60.73287820466265
62,The Good German,R,32,34,61.0,49,1.55734824,2006,0,0,0,0,0,1,1,0,1,The Good German,38.08,5.290831,"[{'name': 'Warner Bros.', 'id': 6194}, {'name': 'Section Eight Productions', 'id': 14315}, {'name': 'Sunset Gower Studios', 'id': 70319}]",2006-12-08,5914908.0,108.0,Released,"If war is Hell, then what comes after?",5.9,87.0,47.5,40.5,44.0,0.04089675,-23.451820743702125
63,World Trade Center,PG13,67,60,60.0,66,83.63188267,2006,0,0,0,0,0,1,0,0,0,World Trade Center,74.97,13.332102,"[{'name': 'Paramount Pictures', 'id': 4}, {'name': 'Double Feature Films', 'id': 215}, {'name': 'Intermedia Films', 'id': 763}, {'name': 'Kernos Filmproduktionsgesellschaft & Company', 'id': 20396}]",2006-08-09,162945894.0,128.0,Released,The world saw evil that day. Two men saw something else.,5.9,461.0,60.0,66.5,63.25,1.1155379841269841,0.10357153747427407
64,Ice Age: The Meltdown,PG,57,71,68.0,58,232.44343898999998,2006,1,1,1,0,1,0,0,0,0,Ice Age: The Meltdown,95.2,16.646029,"[{'name': 'Blue Sky Studios', 'id': 9383}, {'name': 'Twentieth Century Fox Animation', 'id': 11749}]",2006-03-23,660940780.0,91.0,Released,The Ice age is melting away.,6.5,3034.0,69.5,57.5,63.5,2.4416327625,0.590437998965866
65,The Sentinel,PG13,33,40,61.0,49,43.17402943,2006,0,0,0,0,0,1,0,0,1,The Sentinel,71.4,12.915358,"[{'name': 'Twentieth Century Fox Film Corporation', 'id': 306}, {'name': 'Dune Entertainment', 'id': 444}, {'name': 'Major Studio Partners', 'id': 445}, {'name': 'Regency Enterprises', 'id': 508}, {'name': 'Epsilon Motion Pictures', 'id': 1171}, {'name': 'New Regency Pictures', 'id': 10104}, {'name': 'Sentinel Productions', 'id': 28537}, {'name': 'Furthur Films', 'id': 33433}]",2006-04-19,77920346.0,108.0,Released,"In 141 years, there's never been a traitor in the Secret Service.... Until Now.",5.8,230.0,50.5,41.0,45.75,0.6046782833333333,-0.6537719768724402
66,The Lake House,PG,35,73,68.0,52,62.272832089999994,2006,0,0,0,0,0,1,1,0,0,The Lake House,47.6,12.589019,"[{'name': 'Village Roadshow Pictures', 'id': 79}, {'name': 'Vertigo Entertainment', 'id': 829}, {'name': 'Sound for Film', 'id': 1143}, {'name': 'Warner Bros.', 'id': 6194}]",2006-06-16,114830111.0,99.0,Released,How do you hold on to someone you've never met?,6.5,689.0,70.5,43.5,57.0,1.308252775,0.23562172455548575
67,The Ant Bully,PG,63,42,59.0,59,33.489616649999995,2006,0,1,1,0,1,1,0,0,0,The Ant Bully,59.5,7.000272,"[{'name': 'Playtone', 'id': 4171}, {'name': 'Warner Bros.', 'id': 6194}, {'name': 'Legendary Entertainment', 'id': 84419}, {'name': 'DNA Productions', 'id': 89136}]",2006-07-27,55181129.0,88.0,Released,The battle for the lawn is on.,5.5,375.0,50.5,61.0,55.75,0.5628506999999999,-0.7766700832032369
68,Crank,R,61,71,70.0,57,33.12770552,2006,1,0,0,0,1,0,0,0,1,Crank,14.28,12.627593,"[{'name': 'Lions Gate Films', 'id': 35}, {'name': 'Lakeshore Entertainment', 'id': 126}, {'name': 'GreeneStreet Films', 'id': 2152}, {'name': 'Radical Media', 'id': 11152}]",2006-08-31,42931041.0,88.0,Released,"There are a thousand ways to raise your adrenaline. Today, Chev Chelios will need every single one.",6.6,1172.0,70.5,59.0,64.75,2.3198673333333333,0.5689408675955895
69,Happy Feet,PG,75,70,65.0,77,235.62037723,2006,0,1,1,0,1,0,0,0,0,Happy Feet,119.0,15.088318,"[{'name': 'Kennedy Miller Productions', 'id': 2537}, {'name': 'Animal Logic', 'id': 8089}]",2006-11-16,384335608.0,108.0,Released,WARNING: May Cause Toe-Tapping.,5.9,1457.0,67.5,76.0,71.75,1.98000317,0.4949503035391605
70,Pirates of the Caribbean: Dead Man's Chest,PG13,54,72,73.0,53,503.74581628,2006,1,0,0,1,1,0,0,0,0,Pirates of the Caribbean: Dead Man's Chest,238.0,29.455314,"[{'name': 'Walt Disney Pictures', 'id': 2}, {'name': 'Jerry Bruckheimer Films', 'id': 130}, {'name': 'Second Mate Productions', 'id': 19936}]",2006-06-20,1065659812.0,151.0,Released,Jack is back!,7.0,5380.0,72.5,53.5,63.0,2.11657906,0.5275395004616553
71,Daddy Day Camp,PG,1,37,29.0,13,15.220557049999998,2007,0,0,0,0,1,0,0,0,0,Daddy Day Camp,6.8999999999999995,5.414213,"[{'name': 'Revolution Studios', 'id': 497}, {'name': 'TriStar Pictures', 'id': 559}]",2007-08-08,18197398.0,89.0,Released,The summer is going to be in tents.,4.4,94.0,33.0,7.0,20.0,2.205877833333333,0.5466657378351338
72,Superbad,R,87,87,76.0,76,139.68270989999996,2007,0,0,0,0,1,0,0,0,0,Superbad,23.0,16.205105,"[{'name': 'Columbia Pictures', 'id': 5}, {'name': 'Apatow Productions', 'id': 10105}]",2007-08-17,121463226.0,113.0,Released,Come and Get Some!,7.0,2152.0,81.5,81.5,81.5,6.073161299999998,0.835341109744607
73,Premonition,PG13,8,50,59.0,29,55.0304946,2007,0,0,0,1,0,1,0,0,1,Premonition,23.0,10.163764,"[{'name': 'TriStar Pictures', 'id': 559}, {'name': 'Hyde Park Films', 'id': 1172}, {'name': 'Offspring Entertainment', 'id': 2378}]",2007-02-08,84146832.0,96.0,Released,Reality is only a nightmare away,5.8,391.0,54.5,18.5,36.5,2.3926301999999997,0.5820499131039975
74,Michael Clayton,R,90,69,73.0,82,56.3889643,2007,0,0,0,0,0,1,0,0,1,Michael Clayton,28.749999999999996,7.857078,"[{'name': 'Castle Rock Entertainment', 'id': 97}, {'name': 'Mirage Enterprises', 'id': 932}, {'name': 'Section Eight Productions', 'id': 14315}]",2007-09-28,92991835.0,119.0,Released,The truth can be adjusted,6.6,508.0,71.0,86.0,78.5,1.9613552800000003,0.49014846509603305
75,Epic Movie,R,2,29,23.0,17,45.700272049999995,2007,1,0,0,0,1,0,0,0,0,Epic Movie,23.0,5.549609,"[{'name': 'Twentieth Century Fox Film Corporation', 'id': 306}, {'name': 'Regency Enterprises', 'id': 508}, {'name': 'New Regency Pictures', 'id': 10104}, {'name': 'Paul Schiff Productions', 'id': 23596}]",2007-01-25,86865564.0,86.0,Released,We know it's big. We measured.,3.2,334.0,26.0,9.5,17.75,1.9869683499999997,0.4967207202872657
76,I'm Not There.,R,77,69,70.0,73,4.62025035,2007,0,0,0,0,0,1,0,0,0,I'm Not There.,23.0,9.351557,"[{'name': 'Endgame Entertainment', 'id': 1205}, {'name': 'Rising Star', 'id': 1208}, {'name': 'Killer Films', 'id': 1422}, {'name': 'John Wells Productions', 'id': 1512}, {'name': 'Dreamachine', 'id': 2506}, {'name': 'Film & Entertainment VIP Medienfonds 4 GmbH & Co. KG (I)', 'id': 7416}, {'name': 'Grey Water Park Productions', 'id': 14737}, {'name': 'John Goldwyn Productions', 'id': 17594}, {'name': 'Wells Productions', 'id': 72153}]",2007-10-01,4001121.0,135.0,Released,All I Can Do Is Be Me Whoever That Is,6.6,202.0,69.5,75.0,72.25,0.20088045000000002,-3.978085224321232
77,Into the Wild,R,82,89,81.0,73,21.107509399999998,2007,1,0,0,0,0,1,0,0,0,Into the Wild,17.25,15.423538,"[{'name': 'Paramount Vantage', 'id': 838}, {'name': 'River Road Entertainment', 'id': 1246}, {'name': 'Art Linson Productions', 'id': 8769}, {'name': 'Into the Wild', 'id': 41051}]",2007-09-11,56255142.0,148.0,Released,Into the heart. Into the soul.,7.8,3139.0,85.0,77.5,81.25,1.2236237333333333,0.18275530887599645
78,Zodiac,R,90,77,77.0,78,38.042096599999994,2007,0,0,0,0,0,0,0,0,1,Zodiac,74.75,19.083823,"[{'name': 'Paramount Pictures', 'id': 4}, {'name': 'Warner Bros.', 'id': 6194}, {'name': 'Phoenix Pictures', 'id': 11317}]",2007-03-02,84785914.0,157.0,Released,There's more than one way to lose your life to a killer.,7.3,2080.0,77.0,84.0,80.5,0.5089243692307691,-0.9649285050183068
79,Reno 911!: Miami,R,34,51,59.0,47,23.39348515,2007,0,0,0,0,1,0,0,0,0,Reno 911!: Miami,11.5,4.468247,"[{'name': 'Paramount Pictures', 'id': 4}, {'name': 'Double Feature Films', 'id': 215}, {'name': 'Jersey Films', 'id': 216}, {'name': 'Twentieth Century Fox Film Corporation', 'id': 306}, {'name': 'Comedy Central Films', 'id': 7480}, {'name': 'Principato-Young Entertainment', 'id': 37845}, {'name': 'High Sierra Carpeting', 'id': 89635}]",2007-02-23,20342161.0,84.0,Released,"In a time of crisis, America will call Reno 911!",5.6,72.0,55.0,40.5,47.75,2.0342161,0.5084101438387003
80,Dragon Wars: D-War,PG13,28,19,36.0,33,12.62437915,2007,1,0,0,1,0,1,0,0,0,Dragon Wars: D-War,80.5,6.280906,"[{'name': 'Younggu-Art Movies', 'id': 6366}, {'name': 'Showbox Entertainment', 'id': 11420}]",2007-02-08,53587404.0,90.0,Released,They've made our world their battleground,4.0,104.0,27.5,30.5,29.0,0.1568245857142857,-5.376551198559337
81,Diary of the Dead,R,61,41,57.0,66,1.095513,2007,0,0,0,0,0,0,0,1,1,Diary of the Dead,2.3,12.001324,"[{'name': 'Artfire Films', 'id': 3240}]",2007-09-08,5364858.0,95.0,Released,Where will you be when the end begins?,5.4,194.0,49.0,63.5,56.25,0.47631,-1.0994730322689004
82,Sunshine,R,76,73,73.0,64,4.241844,2007,0,0,0,1,0,1,0,0,0,Sunshine,57.49999999999999,12.715571,"[{'name': 'DNA Films', 'id': 284}, {'name': 'Ingenious Film Partners', 'id': 289}, {'name': 'UK Film Council', 'id': 2452}, {'name': 'Moving Picture Company (MPC)', 'id': 20478}]",2007-04-05,32017803.0,107.0,Released,"If the sun dies, so do we.",7.0,1210.0,73.0,70.0,71.5,0.07377120000000002,-12.555425423471487
83,Spider-Man 3,PG13,63,51,62.0,59,387.00984845,2007,1,0,0,1,0,0,0,0,1,Spider-Man 3,296.7,27.614265,"[{'name': 'Columbia Pictures', 'id': 5}, {'name': 'Laura Ziskin Productions', 'id': 326}, {'name': 'Marvel Enterprises', 'id': 19551}]",2007-05-01,890871626.0,139.0,Released,The battle within.,5.9,3687.0,56.5,61.0,58.75,1.304381019379845,0.23335284311677573
84,Yes Man,PG13,46,66,68.0,46,108.43698336000001,2008,0,0,0,0,1,0,0,0,0,Yes Man,77.7,9.756289,"[{'name': 'Village Roadshow Pictures', 'id': 79}, {'name': 'The Zanuck Company', 'id': 80}, {'name': 'Heyday films', 'id': 437}, {'name': 'Warner Bros.', 'id': 6194}]",2008-12-09,225990978.0,104.0,Released,One Word Can Change Everything.,6.4,1869.0,67.0,46.0,56.5,1.3955853714285715,0.2834547993460523
85,RockNRolla,R,59,71,73.0,53,6.32769486,2008,1,0,0,0,0,1,0,0,0,RockNRolla,19.98,7.263988,"[{'name': 'StudioCanal', 'id': 694}, {'name': 'Dark Castle Entertainment', 'id': 1786}, {'name': 'Toff Guy Films', 'id': 2900}, {'name': 'Warner Bros.', 'id': 6194}]",2008-09-04,25739015.0,114.0,Released,"A story of sex, thugs and rock 'n roll.",6.9,851.0,72.0,56.0,64.0,0.3167014444444444,-2.1575479605222303
86,Sex Drive,R,46,58,65.0,49,9.326758350000002,2008,0,0,0,0,1,0,0,0,0,Sex Drive,21.09,9.106146,"[{'name': 'Summit Entertainment', 'id': 491}, {'name': 'Alloy Entertainment', 'id': 10067}, {'name': 'Goldcrest Pictures', 'id': 11843}]",2008-10-16,18755936.0,109.0,Released,He's leaving virgin territory,6.0,348.0,61.5,47.5,54.5,0.44223605263157906,-1.2612358129767558
87,Fireproof,PG,40,82,66.0,28,37.13651187000001,2008,0,0,0,0,0,1,0,0,0,Fireproof,0.555,5.329195,"[{'name': 'Carmel Entertainment', 'id': 3290}, {'name': 'Provident Films', 'id': 3291}, {'name': 'Samuel Goldwyn Films', 'id': 9118}, {'name': 'Affirm Films', 'id': 10156}, {'name': 'Sherwood Pictures', 'id': 41967}]",2008-09-26,33456317.0,122.0,Released,Never Leave Your Partner Behind.,7.0,100.0,74.0,34.0,54.0,66.91263400000001,0.9850551392133211
88,Harold & Kumar Escape from Guantanamo Bay,R,52,60,66.0,57,42.30068808000001,2008,0,0,0,0,1,0,0,0,0,Harold & Kumar Escape from Guantanamo Bay,13.320000000000002,13.065315,"[{'name': 'New Line Cinema', 'id': 12}]",2008-04-25,43493123.0,107.0,Released,This time they're running from the joint.,6.2,508.0,63.0,54.5,58.75,3.1757273333333336,0.6851115051649062
89,Step Up 2: The Streets,PG13,27,76,62.0,50,64.39973913,2008,0,0,0,0,0,1,1,0,0,Step Up 2: The Streets,25.530000000000005,7.667579,"[{'name': 'Summit Entertainment', 'id': 491}, {'name': 'Offspring Entertainment', 'id': 2378}, {'name': 'Touchstone Pictures', 'id': 9195}]",2008-02-14,150816700.0,98.0,Released,It's not where you're from. It's where you're at.,6.5,658.0,69.0,38.5,53.75,2.5225123043478255,0.6035698227214231
90,27 Dresses,PG13,41,57,61.0,47,85.25760594000002,2008,0,0,0,0,1,0,1,0,0,27 Dresses,33.300000000000004,10.342202,"[{'name': 'Spyglass Entertainment', 'id': 158}, {'name': 'Fox 2000 Pictures', 'id': 711}, {'name': 'Dune Entertainment III', 'id': 6332}]",2008-01-10,160259319.0,111.0,Released,She's about to find the perfect fit.,6.1,1013.0,59.0,44.0,51.5,2.560288466666667,0.6094190115608588
91,The Love Guru,PG13,13,33,38.0,24,35.742135420000004,2008,0,0,0,0,1,0,0,0,0,The Love Guru,68.82,6.258666,"[{'name': 'Paramount Pictures', 'id': 4}, {'name': 'Goldcrest Pictures', 'id': 11843}, {'name': 'Internationale Filmproduktion', 'id': 15742}]",2008-06-20,41819064.0,87.0,Released,His Karma is Huge,4.3,243.0,35.5,18.5,27.0,0.519356806451613,-0.9254585432937176
92,Mamma Mia!,PG13,54,66,64.0,51,159.98436993,2008,0,0,0,0,1,0,1,0,0,Mamma Mia!,57.720000000000006,10.534437,"[{'name': 'Universal Pictures', 'id': 33}, {'name': 'Internationale Filmproduktion Richter', 'id': 2655}, {'name': 'Playtone', 'id': 4171}, {'name': 'Relativity Media', 'id': 7295}, {'name': 'Littlestar', 'id': 34441}]",2008-07-03,609841637.0,108.0,Released,Take a trip down the aisle you'll never forget,6.4,1435.0,65.0,52.5,58.75,2.7717319807692307,0.6392147556335974
93,Appaloosa,R,77,54,68.0,64,22.434647340000005,2008,1,0,0,0,0,0,0,0,0,Appaloosa,22.200000000000003,12.392754,"[{'name': 'New Line Cinema', 'id': 12}, {'name': 'Groundswell Productions', 'id': 4205}, {'name': 'Axon Films', 'id': 21106}]",2008-09-12,20211394.0,115.0,Released,Feelings get you killed.,6.3,305.0,61.0,70.5,65.75,1.0105697,0.010459149923058348
94,Wanted,R,71,69,67.0,64,149.30449161,2008,1,0,0,1,0,0,0,0,1,Wanted,83.25,12.457896,"[{'name': 'Universal Pictures', 'id': 33}, {'name': 'Spyglass Entertainment', 'id': 158}, {'name': 'Bazelevs Production', 'id': 1038}, {'name': 'Kickstart Productions', 'id': 2526}, {'name': 'Marc Platt Productions', 'id': 2527}, {'name': 'Top Cow Productions', 'id': 2528}, {'name': 'Relativity Media', 'id': 7295}, {'name': 'Ringerike Zweite Filmproduktion', 'id': 23955}, {'name': 'Revolution Sun Studios', 'id': 76043}]",2008-06-19,258270008.0,110.0,Released,Choose your destiny.,6.4,2583.0,68.0,67.5,67.75,1.793447346666667,0.44241463131961034
95,Punisher: War Zone,R,27,42,60.0,30,8.936584470000001,2008,1,0,0,0,0,1,0,0,1,Punisher: War Zone,22.755000000000003,8.333526,"[{'name': 'Lionsgate', 'id': 1632}, {'name': 'MHF Zweite Academy Film', 'id': 8848}, {'name': 'Marvel Knights', 'id': 11106}, {'name': 'Valhalla Motion Pictures', 'id': 11533}, {'name': 'SGF Entertainment', 'id': 33808}, {'name': 'Muse Entertainment', 'id': 83338}]",2008-12-05,10089373.0,102.0,Released,Vengeance has a name,5.6,298.0,51.0,28.5,39.75,0.3927305853658537,-1.5462748185717086
96,Quantum of Solace,PG13,65,58,66.0,58,187.99895397000003,2008,1,0,0,0,0,1,0,0,1,Quantum of Solace,222.00000000000003,13.67812,"[{'name': 'Eon Productions', 'id': 7576}]",2008-10-30,586090727.0,106.0,Released,"For love, for hate, for justice, for revenge.",6.1,3015.0,62.0,61.5,61.75,0.846842135,-0.18085763410910105
97,Revolutionary Road,R,68,71,73.0,69,25.431742800000002,2008,0,0,0,0,0,1,0,0,0,Revolutionary Road,38.85,12.265867,"[{'name': 'DreamWorks SKG', 'id': 27}, {'name': 'Scott Rudin Productions', 'id': 258}, {'name': 'BBC Films', 'id': 288}, {'name': 'Neal Street Productions', 'id': 1522}, {'name': 'Evamere Entertainment', 'id': 1550}, {'name': 'Goldcrest Pictures', 'id': 11843}]",2008-12-19,75225693.0,119.0,Released,How do you break free without breaking apart?,6.8,824.0,72.0,68.5,70.25,0.6546137142857144,-0.5276184689945825
98,Lakeview Terrace,PG13,45,39,61.0,47,43.58249166,2008,0,0,0,0,0,1,0,0,1,Lakeview Terrace,22.200000000000003,13.857624,"[{'name': 'Screen Gems', 'id': 3287}, {'name': 'Overbrook Entertainment', 'id': 12485}]",2008-09-19,27640028.0,110.0,Released,What Could Be Safer Than Living Next to a Cop?,5.9,294.0,50.0,46.0,48.0,1.9631752999999998,0.4906211381123224
99,Inglourious Basterds,R,88,87,83.0,69,134.05979934,2009,1,0,0,0,0,1,0,0,0,Inglourious Basterds,77.7,16.89564,"[{'name': 'Universal Pictures', 'id': 33}, {'name': 'A Band Apart', 'id': 59}, {'name': 'The Weinstein Company', 'id': 308}, {'name': 'Zehnte Babelsberg', 'id': 6817}, {'name': 'Visiona Romantica', 'id': 6818}]",2009-08-18,319131050.0,153.0,Released,Once upon a time in Nazi occupied France...,7.9,6598.0,85.0,78.5,81.75,1.725351342857143,0.4204079046624657
100,World's Greatest Dad,R,89,67,69.0,69,0.24620355000000002,2009,0,0,0,0,1,1,0,0,0,World's Greatest Dad,11.100000000000001,5.431657,"[{'name': 'Magnolia Pictures', 'id': 1030}, {'name': 'Jerkschool Productions', 'id': 7357}]",2009-08-20,295750.0,99.0,Released,Lance Clayton is about to get everything he deserves.,6.5,181.0,68.0,79.0,73.5,0.0221805,-44.08464642366042
101,Crazy Heart,R,91,76,73.0,83,43.813633620000004,2009,0,0,0,0,0,1,1,0,0,Crazy Heart,7.770000000000001,9.347931,"[{'name': 'Fox Searchlight Pictures', 'id': 43}, {'name': ""Butcher's Run Films"", 'id': 3864}, {'name': 'Informant Media', 'id': 9325}]",2009-12-16,39462438.0,112.0,Released,"The harder the life, the sweeter the song.",6.8,279.0,74.5,87.0,80.75,5.638820285714285,0.8226579409644499
102,Post Grad,PG13,8,27,53.0,35,7.081821090000001,2009,0,0,0,0,1,0,0,0,0,Post Grad,16.650000000000002,9.747452,"[{'name': 'Dune Entertainment', 'id': 444}, {'name': 'Cold Spring Pictures', 'id': 2363}, {'name': 'The Montecito Picture Company', 'id': 2364}, {'name': 'Fox Atomic', 'id': 2890}]",2009-08-21,6405245.0,89.0,Released,A Pre-Life Crisis.,5.0,102.0,40.0,21.5,30.75,0.4253346,-1.351090177004175
103,The Time Traveler's Wife,PG13,38,59,71.0,47,70.39047906,2009,0,0,0,1,0,1,1,0,0,The Time Traveler's Wife,43.290000000000006,13.682598,"[{'name': 'New Line Cinema', 'id': 12}, {'name': 'Plan B Entertainment', 'id': 81}, {'name': 'Nick Wechsler Productions', 'id': 8073}, {'name': 'Internationale Scarena Filmproduktionsgesellschaft 2', 'id': 23046}]",2009-08-14,101229792.0,107.0,Released,,6.7,815.0,65.0,42.5,53.75,1.6260216923076922,0.38500205456621306
104,Up,PG,98,90,83.0,88,325.23462204000003,2009,1,1,1,0,1,0,0,0,0,Up,194.25000000000003,19.330884,"[{'name': 'Pixar Animation Studios', 'id': 3}]",2009-05-13,735099082.0,96.0,Released,,7.8,7048.0,86.5,93.0,89.75,1.6743095085714286,0.40273886346543525
105,I Love You Phillip Morris,R,72,61,66.0,65,2.2615794900000004,2009,0,0,0,0,1,1,0,0,0,I Love You Phillip Morris,14.430000000000001,5.773752,"[{'name': 'EuropaCorp', 'id': 6896}]",2009-01-18,10652035.0,98.0,Released,The Conman who wouldn't go straight.,6.4,514.0,63.5,68.5,66.0,0.15672761538461538,-5.380496490972333
106,G-Force,PG,23,39,51.0,41,132.57481470000002,2009,1,0,1,1,1,0,0,0,0,G-Force,166.5,9.163791,"[{'name': 'Walt Disney Pictures', 'id': 2}, {'name': 'Jerry Bruckheimer Films', 'id': 130}, {'name': 'Whamaphram Productions', 'id': 3639}]",2009-07-21,292817841.0,88.0,Released,The world needs bigger heroes,5.1,519.0,45.0,32.0,38.5,0.7962451333333335,-0.25589464617973157
107,The Soloist,PG13,56,56,67.0,61,35.209375380000004,2009,0,0,0,0,0,1,0,0,0,The Soloist,66.60000000000001,11.328316,"[{'name': 'DreamWorks', 'id': 7}, {'name': 'Universal Pictures', 'id': 33}, {'name': 'StudioCanal', 'id': 694}, {'name': 'Participant Media', 'id': 6735}, {'name': 'Krasnoff Foster Productions', 'id': 8299}, {'name': 'Working Title Films', 'id': 10163}]",2009-04-24,31720158.0,109.0,Released,Life has a mind of its own,6.6,237.0,61.5,58.5,60.0,0.5286693,-0.8915416499501674
108,Saw VI,R,39,55,60.0,30,30.73955412,2009,0,0,0,0,0,0,0,1,1,Saw VI,12.210000000000003,17.360894,"[{'name': 'Lionsgate', 'id': 1632}, {'name': 'Twisted Pictures', 'id': 2061}]",2009-10-22,68233629.0,90.0,Released,The Game Has Come Full Circle,6.0,755.0,57.5,34.5,46.0,2.5175719999999995,0.602791896319152
109,12 Rounds,PG13,30,45,56.0,38,13.580510340000002,2009,1,0,0,0,0,0,0,0,1,12 Rounds,22.200000000000003,13.591485,"[{'name': 'The Mark Gordon Company', 'id': 1557}, {'name': 'Fox Atomic', 'id': 2890}, {'name': '20th Century Fox Home Entertainment', 'id': 3635}, {'name': 'WWE Studios', 'id': 10339}, {'name': 'Midnight Sun Pictures', 'id': 17887}]",2009-03-19,17280326.0,108.0,Released,Survive all 12,5.7,223.0,50.5,34.0,42.25,0.6117347,-0.6346955632891186
110,The Men Who Stare at Goats,R,52,39,62.0,54,35.995296450000005,2009,0,0,0,0,1,1,0,0,0,The Men Who Stare at Goats,26.640000000000004,6.253084,"[{'name': 'BBC Films', 'id': 288}, {'name': 'Smoke House', 'id': 1782}, {'name': 'Ruby Films', 'id': 2054}]",2009-10-17,68729358.0,93.0,Released,No goats. No glory.,5.9,755.0,50.5,53.0,51.75,1.3511747916666665,0.25990330328283767
111,Surrogates,PG13,38,38,63.0,45,42.821326920000004,2009,1,0,0,1,1,0,0,0,1,Surrogates,88.80000000000001,16.211937,"[{'name': 'Touchstone Pictures', 'id': 9195}, {'name': 'Mandeville Films', 'id': 10227}, {'name': 'Wintergreen Productions', 'id': 11845}, {'name': 'Top Shelf Productions', 'id': 41978}]",2009-09-24,122444772.0,89.0,Released,How do you save humanity when the only thing that's real is you?,5.9,1219.0,50.5,41.5,46.0,0.48222214999999996,-1.0737330294761451
112,The Unborn,PG13,10,30,48.0,30,47.364155100000005,2009,0,0,0,0,0,0,0,1,1,The Unborn,17.76,7.108555,"[{'name': 'Rogue Pictures', 'id': 134}, {'name': 'Phantom Four', 'id': 423}, {'name': 'Platinum Dunes', 'id': 2481}, {'name': 'Relativity Media', 'id': 7295}]",2009-01-09,76514050.0,87.0,Released,Evil will do anything to live.,4.8,373.0,39.0,20.0,29.5,2.6669006250000002,0.6250328975043831
113,A Christmas Carol,PG,54,58,68.0,55,153.02000793000002,2009,0,1,1,1,0,1,0,0,0,A Christmas Carol,222.00000000000003,12.869273,"[{'name': 'Walt Disney Pictures', 'id': 2}, {'name': 'ImageMovers', 'id': 11395}]",2009-11-04,325233863.0,96.0,Released,Season's Greedings,6.6,1137.0,63.0,54.5,58.75,0.689279315,-0.450790671122925
114,MacGruber,R,47,34,55.0,43,9.37816,2010,1,0,0,0,1,0,0,0,0,MacGruber,11.0,11.107782,"[{'name': 'Relativity Media', 'id': 7295}]",2010-05-21,6110000.0,90.0,Released,He's the ultimate tool.,5.1,184.0,44.5,45.0,44.75,0.85256,-0.17293797503987995
115,The Switch,PG13,51,44,61.0,52,30.534311500000005,2010,0,0,0,0,1,1,1,0,0,The Switch,20.9,5.695408,"[{'name': 'Mandate Pictures', 'id': 771}, {'name': 'Bona Fide Productions', 'id': 2570}, {'name': 'Echo Films', 'id': 7382}]",2010-05-11,49830607.0,101.0,Released,The most unexpected comedy ever conceived.,5.9,599.0,52.5,51.5,52.0,1.4609718421052635,0.3155241112936181
116,The Tourist,PG13,20,42,60.0,37,74.3942727,2010,1,0,0,0,0,0,1,0,1,The Tourist,110.00000000000001,12.845045,"[{'name': 'Columbia Pictures', 'id': 5}, {'name': 'Spyglass Entertainment', 'id': 158}, {'name': 'Peninsula Films', 'id': 682}, {'name': 'StudioCanal', 'id': 694}, {'name': 'Sony Pictures Releasing', 'id': 3045}, {'name': 'GK Films', 'id': 3281}, {'name': 'Sony Pictures Worldwide Acquisitions (SPWA)', 'id': 14577}, {'name': 'Italian Tax Credit', 'id': 21212}, {'name': 'Birnbaum/Barber', 'id': 23731}, {'name': 'Cineroma SRL', 'id': 23732}, {'name': 'French Tax Credit', 'id': 23733}]",2010-12-08,278731369.0,103.0,Released,It all started when he met a woman,6.0,1744.0,51.0,28.5,39.75,0.67631157,-0.47860844669565555
117,Edge of Darkness,R,56,49,66.0,55,47.64527900000001,2010,0,0,0,0,0,1,0,0,1,Edge of Darkness,88.0,9.554067,"[{'name': 'Icon Productions', 'id': 152}, {'name': 'BBC Films', 'id': 288}, {'name': 'GK Films', 'id': 3281}, {'name': 'Warner Bros.', 'id': 6194}]",2010-01-29,74901339.0,117.0,Released,Some secrets take us to the edge.,6.2,496.0,57.5,55.5,56.5,0.5414236250000001,-0.8469825730268047
118,Little Fockers,PG13,9,34,55.0,27,163.28246,2010,0,0,0,0,1,0,0,0,0,Little Fockers,110.00000000000001,9.73941,"[{'name': 'Paramount Pictures', 'id': 4}, {'name': 'Universal Pictures', 'id': 33}, {'name': 'Everyman Pictures', 'id': 2242}, {'name': 'Relativity Media', 'id': 7295}, {'name': 'Dreamworks Pictures', 'id': 7852}, {'name': 'Tribeca Productions', 'id': 11391}]",2010-12-21,310650585.0,98.0,Released,"Kids bring everyone closer, right?",5.5,1092.0,44.5,18.0,31.25,1.4843859999999998,0.326320781791259
119,The Chronicles of Narnia: The Voyage of the Dawn Treader,PG,50,58,63.0,53,114.82564500000001,2010,1,0,1,1,0,0,0,0,0,The Chronicles of Narnia: The Voyage of the Dawn Treader,170.5,12.383398,"[{'name': 'Dune Entertainment', 'id': 444}, {'name': 'Fox 2000 Pictures', 'id': 711}, {'name': 'Walden Media', 'id': 10221}]",2010-08-13,415686217.0,113.0,Released,Return to magic. Return to hope. Return to Narnia.,6.2,1555.0,60.5,51.5,56.0,0.6734641935483872,-0.48485993699403984
120,TRON: Legacy,PG,51,63,68.0,49,189.2690393,2010,1,0,0,1,0,0,0,0,0,TRON: Legacy,187.00000000000003,21.259,"[{'name': 'Walt Disney Pictures', 'id': 2}, {'name': 'LivePlanet', 'id': 7161}, {'name': 'Prana Studios', 'id': 18713}, {'name': 'Sean Bailey Productions', 'id': 23791}, {'name': 'Revolution Sun Studios', 'id': 76043}, {'name': 'Kontsept Film Company', 'id': 76067}]",2010-12-10,400062763.0,125.0,Released,The Game Has Changed.,6.3,2895.0,65.5,50.0,57.75,1.0121338999999998,0.011988433546193703
121,The Conspirator,PG13,55,61,69.0,55,12.692024400000001,2010,0,0,0,0,0,1,0,0,0,The Conspirator,27.500000000000004,5.481452,"[{'name': 'Wildwood Enterprises', 'id': 316}, {'name': 'American Film Company', 'id': 7486}]",2010-09-10,15478800.0,122.0,Released,One bullet killed the President. But not one man.,6.2,138.0,65.0,55.0,60.0,0.46152815999999997,-1.166715027746086
122,Freakonomics,PG13,66,51,64.0,58,0.11139700000000001,2010,0,0,0,0,0,0,0,0,0,Freakonomics,3.3000000000000003,2.444847,"[{'name': 'Chad Troutwine Films', 'id': 7367}, {'name': 'Green Film Company', 'id': 7368}, {'name': 'Human Worldwide', 'id': 7369}, {'name': 'Loki Films', 'id': 7370}]",2010-10-01,103735.0,93.0,Released,Things you always thought you knew but didn't,6.7,36.0,57.5,62.0,59.75,0.033756666666666664,-28.623778019156706
123,Why Did I Get Married Too?,PG13,27,67,45.0,43,66.1054372,2010,0,0,0,0,1,1,0,0,0,Why Did I Get Married Too?,22.0,2.576815,"[{'name': 'Lions Gate Films', 'id': 35}, {'name': 'The Tyler Perry Company', 'id': 6567}]",2010-04-02,60072596.0,121.0,Released,Marriage is an institution they're committed to.,6.1,29.0,56.0,35.0,45.5,3.0047926,0.6671983284303882
124,Devil,PG13,52,43,62.0,44,37.0476205,2010,0,0,0,0,0,0,0,1,1,Devil,11.0,7.094276,"[{'name': 'Universal Pictures', 'id': 33}, {'name': 'Media Rights Capital', 'id': 2531}, {'name': 'Night Chronicles', 'id': 6006}, {'name': 'Relativity Media', 'id': 7295}]",2010-01-13,33583175.0,80.0,Released,Bad Things Happen For A Reason,5.8,836.0,52.5,48.0,50.25,3.3679655,0.7030848445448743
125,Unstoppable,PG13,86,72,68.0,69,89.7192362,2010,1,0,0,0,0,1,0,0,1,Unstoppable,110.00000000000001,12.697059,"[{'name': 'Twentieth Century Fox Film Corporation', 'id': 306}, {'name': 'Scott Free Productions', 'id': 1645}, {'name': 'Firm Films', 'id': 1838}, {'name': 'Prospect Park', 'id': 19776}, {'name': 'Millbrook Farm Productions', 'id': 19777}]",2010-11-04,167805466.0,98.0,Released,"1,000,000 Tons. 100,000 Lives. 100 Minutes.",6.3,1193.0,70.0,77.5,73.75,0.8156294199999998,-0.22604699570547634
126,Shrek Forever After,PG,58,54,63.0,58,262.6104657,2010,1,1,1,1,1,0,0,0,0,Shrek Forever After,181.5,11.803808,"[{'name': 'DreamWorks Animation', 'id': 521}]",2010-05-16,752600867.0,93.0,Released,It ain't Ogre... Til it's Ogre,6.0,2021.0,58.5,58.0,58.25,1.4468896181818183,0.3088622743339509
127,Paul,R,71,62,70.0,57,39.6577217,2011,0,0,0,1,1,0,0,0,0,Paul,42.4,10.24382,"[{'name': 'Universal Pictures', 'id': 33}, {'name': 'Big Talk Productions', 'id': 443}, {'name': 'Relativity Media', 'id': 7295}, {'name': 'Working Title Films', 'id': 10163}]",2011-02-14,97552050.0,104.0,Released,Who's up for a close encounter?,6.5,1825.0,66.0,64.0,65.0,0.9353236250000001,-0.06914865964173618
128,5 Days of War,R,32,36,56.0,31,0.01852774,2011,1,0,0,0,0,1,0,0,0,5 Days of War,21.2,3.174512,"[{'name': 'Midnight Sun Pictures', 'id': 17887}, {'name': 'Dispictures', 'id': 24262}, {'name': 'Georgia International Films', 'id': 24264}, {'name': 'Rex Media', 'id': 24266}]",2011-04-14,17479.0,113.0,Released,Their only weapon is the truth.,5.8,63.0,46.0,31.5,38.75,0.0008739500000000001,-1143.230219120087
129,Mission: Impossible - Ghost Protocol,PG13,93,76,74.0,73,221.96177718,2011,1,0,0,0,0,0,0,0,1,Mission: Impossible - Ghost Protocol,153.7,14.25843,"[{'name': 'Paramount Pictures', 'id': 4}, {'name': 'Skydance Productions', 'id': 6277}, {'name': 'Bad Robot', 'id': 11461}, {'name': 'TC Productions', 'id': 21777}, {'name': 'Revolution Sun Studios', 'id': 76043}, {'name': 'Kontsept Film Company', 'id': 76067}]",2011-12-07,694713380.0,133.0,Released,No Plan. No Backup. No Choice.,6.8,4026.0,75.0,83.0,79.0,1.4441234689655174,0.3075384331809666
130,Drive Angry,R,46,37,54.0,44,11.36429498,2011,1,0,0,0,0,0,0,0,1,Drive Angry,53.0,7.668829,"[{'name': 'Summit Entertainment', 'id': 491}, {'name': 'Saturn Films', 'id': 831}, {'name': 'Nu Image Films', 'id': 925}, {'name': 'Millennium Films', 'id': 10254}, {'name': 'Michael De Luca Productions', 'id': 11370}]",2011-02-24,28931401.0,105.0,Released,One hell of a ride.,5.3,608.0,45.5,45.0,45.25,0.21442066,-3.6637296984348433
131,A Very Harold & Kumar Christmas,R,68,59,63.0,61,37.16469286,2011,0,0,0,0,1,0,0,0,0,A Very Harold & Kumar Christmas,20.14,10.724679,"[{'name': 'New Line Cinema', 'id': 12}, {'name': 'Mandate Pictures', 'id': 771}]",2011-11-04,35387212.0,108.0,Released,Christmas comes prematurely.,6.0,335.0,61.0,64.5,62.75,1.8453174210526317,0.4580878126487496
132,In Time,PG13,35,51,67.0,53,39.807167920000005,2011,0,0,0,1,0,0,0,0,1,In Time,42.4,10.324613,"[{'name': 'Regency Enterprises', 'id': 508}, {'name': 'Strike Entertainment', 'id': 655}, {'name': 'New Regency Pictures', 'id': 10104}]",2011-10-27,173930596.0,109.0,Released,Time Is Power,6.7,3512.0,59.0,44.0,51.5,0.9388483000000002,-0.06513480399336063
133,Soul Surfer,PG,46,76,71.0,53,46.484629440000006,2011,1,0,0,0,0,1,0,0,0,Soul Surfer,19.08,11.009053,"[{'name': 'Mandalay Pictures', 'id': 551}, {'name': 'TriStar Pictures', 'id': 559}, {'name': 'Brookwell-McNamara Entertainment', 'id': 3235}, {'name': 'FilmDistrict', 'id': 7263}, {'name': 'Affirm Films', 'id': 10156}]",2011-04-08,47088990.0,106.0,Released,"When you come back from a loss, beat the odds, and never say never, you find a champion.",6.9,355.0,73.5,49.5,61.5,2.436301333333334,0.5895417425102314
134,Apollo 18,PG13,24,23,52.0,24,18.74814474,2011,0,0,0,1,0,0,0,1,0,Apollo 18,5.3,10.711742,"[{'name': 'Bazelevs Production', 'id': 1038}, {'name': 'Dimension Films', 'id': 7405}, {'name': 'Bekmambetov Projects Ltd.', 'id': 24923}]",2011-07-20,25562924.0,86.0,Released,There's a reason we've never gone back to the moon.,5.0,359.0,37.5,24.0,30.75,3.5373858000000005,0.7173053614903978
135,The Sitter,R,22,39,57.0,39,32.37513056,2011,0,0,0,0,1,0,0,0,0,The Sitter,26.5,13.105682,"[{'name': 'Twentieth Century Fox Film Corporation', 'id': 306}, {'name': 'Michael De Luca Productions', 'id': 11370}, {'name': 'Rough House Pictures', 'id': 20848}]",2011-12-09,34942188.0,81.0,Released,Worst. Babysitter. Ever.,5.4,330.0,48.0,30.5,39.25,1.2217030400000002,0.18147048238498292
136,Sanctum,R,30,37,59.0,42,24.601868600000003,2011,1,0,0,0,0,1,0,0,1,Sanctum,31.8,7.000775,"[{'name': 'Universal Pictures', 'id': 33}, {'name': 'Wayfare Entertainment', 'id': 5703}, {'name': 'Sanctum Australia', 'id': 6490}, {'name': 'Relativity Media', 'id': 7295}, {'name': 'Great Wight Productions/ Osford Films', 'id': 19960}, {'name': 'Start Motion Pictures', 'id': 19961}]",2011-02-03,108609310.0,108.0,Released,The only way out is down.,5.8,347.0,48.0,36.0,42.0,0.7736436666666667,-0.2925847429329005
137,The Hangover Part II,R,33,52,65.0,44,269.7321633,2011,0,0,0,0,1,0,0,0,0,The Hangover Part II,84.8,21.893532,"[{'name': 'Legendary Pictures', 'id': 923}, {'name': 'Living Films', 'id': 2877}, {'name': 'Green Hat Films', 'id': 3527}, {'name': 'Warner Bros.', 'id': 6194}]",2011-05-25,254455986.0,102.0,Released,The Wolfpack Is Back,6.2,3836.0,58.5,38.5,48.5,3.1808038125,0.6856140589148643
138,We Need to Talk About Kevin,R,76,78,75.0,68,1.84301352,2011,0,0,0,0,0,1,0,0,1,We Need to Talk About Kevin,7.42,5.325574,"[{'name': 'BBC Films', 'id': 288}, {'name': 'Oscilloscope Laboratories', 'id': 4748}]",2011-09-28,6038942.0,112.0,Released,,7.4,687.0,76.5,72.0,74.25,0.24838457142857143,-3.0260149583710056
139,The Adjustment Bureau,PG13,71,67,71.0,60,66.2453837,2011,0,0,0,1,0,0,1,0,0,The Adjustment Bureau,53.212,9.420301,"[{'name': 'Universal Pictures', 'id': 33}, {'name': 'Media Rights Capital', 'id': 2531}, {'name': 'Gambit Pictures', 'id': 6933}, {'name': 'Electric Shepherd Productions', 'id': 11834}]",2011-03-03,127869379.0,106.0,Released,Fight for your fate.,6.5,1677.0,69.0,65.5,67.25,1.2449331673306774,0.19674402912394937
140,Water for Elephants,PG13,60,70,69.0,52,62.232300020000004,2011,0,0,0,0,0,1,0,0,0,Water for Elephants,40.28,7.649466,"[{'name': 'Ingenious Media', 'id': 290}, {'name': 'Dune Entertainment', 'id': 444}, {'name': 'Fox 2000 Pictures', 'id': 711}, {'name': 'Flashpoint Entertainment', 'id': 7717}, {'name': 'Big Screen Productions', 'id': 10893}]",2011-03-15,114156230.0,120.0,Released,Life is the most spectacular show on earth.,6.7,879.0,69.5,56.0,62.75,1.544992552631579,0.3527476891091129
141,The Guilt Trip,PG13,38,39,58.0,50,38.6195836,2012,0,0,0,0,1,0,0,0,0,The Guilt Trip,41.6,7.479014,"[{'name': 'Paramount Pictures', 'id': 4}, {'name': 'Skydance Productions', 'id': 6277}]",2012-12-19,41863726.0,95.0,Released,Get ready for one mother of a road trip,5.4,287.0,48.5,44.0,46.25,0.928355375,-0.07717370624368936
142,The Master,R,85,61,71.0,86,16.89704536,2012,0,0,0,0,0,1,0,0,0,The Master,33.28,8.074218,"[{'name': 'Ghoulardi Film Company', 'id': 178}, {'name': 'The Weinstein Company', 'id': 308}, {'name': 'Annapurna Pictures', 'id': 13184}]",2012-09-07,28258060.0,137.0,Released,Every Man Needs a Guide,7.0,720.0,66.0,85.5,75.75,0.50772371875,-0.9695751115625816
143,Pitch Perfect,PG13,80,83,64.0,66,67.60113672,2012,0,0,0,0,1,0,0,0,0,Pitch Perfect,17.68,11.03595,"[{'name': 'Brownstone Productions', 'id': 12365}]",2012-09-28,115350426.0,112.0,Released,Get pitch slapped.,7.3,2310.0,73.5,73.0,73.25,3.823593705882353,0.7384659362574103
144,One for the Money,PG13,2,42,53.0,22,27.47110808,2012,0,0,0,0,1,1,0,0,1,One for the Money,41.6,6.322435,"[{'name': 'Lakeshore Entertainment', 'id': 126}, {'name': 'Sidney Kimmel Entertainment', 'id': 737}]",2012-01-26,36893721.0,91.0,Released,She's looking for a few not-so-good men,5.3,392.0,47.5,12.0,29.75,0.660363175,-0.5143182385965117
145,The Cold Light of Day,PG13,5,29,49.0,22,3.9141263200000003,2012,1,0,0,0,0,0,0,0,1,The Cold Light of Day,20.8,11.112153,"[{'name': 'Summit Entertainment', 'id': 491}, {'name': 'Intrepid Pictures', 'id': 1224}, {'name': 'Film Rites', 'id': 8083}, {'name': 'Galavis Film', 'id': 8084}, {'name': 'Picture Machine', 'id': 8085}, {'name': 'Fria Luz Del Dia, A.I.E.', 'id': 23625}]",2012-04-04,16863583.0,93.0,Released,Be careful who you trust.,4.8,277.0,39.0,13.5,26.25,0.18817915000000002,-4.314085008886479
146,This Is 40,R,51,50,62.0,59,70.2462852,2012,0,0,0,0,1,0,0,0,0,This Is 40,36.4,11.418802,"[{'name': 'Apatow Productions', 'id': 10105}]",2012-12-20,88058786.0,134.0,Released,The sort-of sequel to 'Knocked Up',5.6,909.0,56.0,55.0,55.5,1.9298430000000002,0.48182313276261335
147,The Perks of Being a Wallflower,PG13,86,89,80.0,67,18.45266592,2012,0,0,0,0,0,1,0,0,0,The Perks of Being a Wallflower,13.52,12.775679,"[{'name': 'Summit Entertainment', 'id': 491}, {'name': 'Mr. Mudd Production', 'id': 2130}]",2012-09-20,33400000.0,102.0,Released,We are infinite.,7.7,3056.0,84.5,76.5,80.5,1.364842153846154,0.2673145409657967
148,Rise of the Guardians,PG,74,80,73.0,57,107.54926832000001,2012,1,1,1,0,0,0,0,0,0,Rise of the Guardians,150.8,10.943775,"[{'name': 'DreamWorks Animation', 'id': 521}]",2012-11-21,306941670.0,97.0,Released,You better believe.,7.1,1981.0,76.5,65.5,71.0,0.7131914344827587,-0.4021480792534321
149,End of Watch,R,85,86,77.0,68,42.64350584,2012,0,0,0,0,0,1,0,0,0,End of Watch,7.28,7.45279,"[{'name': 'Emmett/Furla Films', 'id': 10405}, {'name': 'Exclusive Media Group', 'id': 11448}, {'name': 'Hedge Fund Film Partners', 'id': 11449}, {'name': 'Crave Films', 'id': 16312}, {'name': 'Knightsbridge Entertainment', 'id': 46961}, {'name': 'Le Grisbi Productions', 'id': 47169}, {'name': '5150 Action', 'id': 47354}]",2012-09-20,48126384.0,109.0,Released,Every moment of your life they stand watch,7.2,1186.0,81.5,76.5,79.0,5.8576244285714285,0.829282329006559
150,Moonrise Kingdom,PG13,93,86,78.0,84,47.33296464,2012,0,0,0,0,1,0,0,0,0,Moonrise Kingdom,16.64,8.692433,"[{'name': 'Scott Rudin Productions', 'id': 258}, {'name': 'Indian Paintbrush', 'id': 9350}, {'name': 'Focus Features', 'id': 10146}, {'name': 'American Empirical Pictures', 'id': 23449}, {'name': 'Moonrise', 'id': 25626}]",2012-05-16,68263166.0,94.0,Released,A tormenting and surprising story of children and adults during the stormy days of the summer of 1965.,7.6,1701.0,82.0,88.5,85.25,2.8445291249999998,0.6484479658825781
151,House at the End of the Street,PG13,11,41,56.0,31,32.87639264,2012,0,0,0,0,0,0,0,1,1,House at the End of the Street,7.176,8.513457,"[{'name': 'A Bigger Boat', 'id': 5855}, {'name': 'Relativity Media', 'id': 7295}, {'name': 'FilmNation Entertainment', 'id': 7493}]",2012-09-21,44287131.0,101.0,Released,Fear reaches out... for the girl next door.,5.6,566.0,48.5,21.0,34.75,4.581437101449275,0.7817278775509842
152,John Carter,PG13,51,59,66.0,51,75.98102616,2012,1,0,1,1,0,0,0,1,0,John Carter,270.4,14.670353,"[{'name': 'Walt Disney Pictures', 'id': 2}]",2012-03-07,284139100.0,132.0,Released,"Lost in our world, found in another.",6.1,2170.0,62.5,51.0,56.75,0.28099491923076925,-2.5587832076733825
153,Safe House,R,53,63,68.0,52,131.2288952,2012,1,0,0,0,0,0,0,0,1,Safe House,88.4,8.338675,"[{'name': 'Universal Pictures', 'id': 33}, {'name': 'Dentsu', 'id': 6452}, {'name': 'Relativity Media', 'id': 7295}, {'name': 'Bluegrass Films', 'id': 13778}]",2012-02-09,208076205.0,115.0,Released,No one is safe,6.3,1361.0,65.5,52.5,59.0,1.4844897647058823,0.3263678714564077
154,Delivery Man,PG13,39,47,64.0,44,31.579611510000003,2013,0,0,0,0,1,0,0,0,0,Delivery Man,26.78,13.548808,"[{'name': 'DreamWorks SKG', 'id': 27}, {'name': 'Touchstone Pictures', 'id': 9195}]",2013-10-10,51164106.0,105.0,Released,You're never quite ready for what life delivers.,6.2,561.0,55.5,41.5,48.5,1.1792237307692308,0.15198450140781994
155,Rush,R,89,88,81.0,75,27.756052720000003,2013,1,0,0,0,0,1,0,0,0,Rush,39.14,10.63552,"[{'name': 'Revolution Films', 'id': 163}, {'name': 'Working Title Films', 'id': 10163}, {'name': 'Cross Creek Pictures', 'id': 10246}, {'name': 'Exclusive Media Group', 'id': 11448}, {'name': 'Double Negative', 'id': 31922}]",2013-09-02,90247624.0,123.0,Released,Everyone's driven by something.,7.7,2310.0,84.5,82.0,83.25,0.7091480000000001,-0.41014287567616337
156,American Hustle,R,93,74,73.0,90,154.62134121,2013,0,0,0,0,0,1,0,0,0,American Hustle,41.2,16.478036,"[{'name': 'Columbia Pictures', 'id': 5}, {'name': 'Atlas Entertainment', 'id': 507}, {'name': 'Annapurna Pictures', 'id': 13184}]",2013-12-12,251171807.0,138.0,Released,Everyone Hustles To Survive,6.8,2868.0,73.5,91.5,82.5,3.752945175,0.7335426036432839
157,Dallas Buyers Club,R,93,91,80.0,84,28.11723355,2013,0,0,0,0,0,1,0,0,0,Dallas Buyers Club,5.15,14.785719,"[{'name': 'Universal Studios', 'id': 13}, {'name': 'Universal Pictures', 'id': 33}, {'name': 'Voltage Pictures', 'id': 10255}, {'name': 'Truth Entertainment', 'id': 19631}]",2013-09-07,55198285.0,117.0,Released,Sometimes it takes a hustler to change the world,7.9,2973.0,85.5,88.5,87.0,5.459657,0.8168383105385558
158,Warm Bodies,PG13,81,73,69.0,59,68.37208186,2013,0,0,0,0,1,0,0,0,0,Warm Bodies,36.05,10.430238,"[{'name': 'Summit Entertainment', 'id': 491}]",2013-01-31,116980662.0,97.0,Released,Cold body. Warm heart.,6.4,2698.0,71.0,70.0,70.5,1.896590342857143,0.47273800915091807
159,Iron Man 3,PG13,79,78,72.0,62,421.26204016,2013,1,0,0,1,0,0,0,0,0,Iron Man 3,206.0,23.721243,"[{'name': 'Marvel Studios', 'id': 420}]",2013-04-18,1215439994.0,130.0,Released,Unleash the power behind the armor.,6.8,8951.0,75.0,70.5,72.75,2.0449613600000003,0.5109932052701476
160,Out of the Furnace,R,54,52,68.0,63,11.670774470000001,2013,0,0,0,0,0,1,0,0,0,Out of the Furnace,22.66,6.760321,"[{'name': 'Appian Way', 'id': 562}, {'name': 'Scott Free Productions', 'id': 1645}, {'name': 'Relativity Media', 'id': 7295}, {'name': 'Energy Entertainment', 'id': 18617}, {'name': 'Red Granite Pictures', 'id': 19177}]",2013-12-06,15400000.0,116.0,Released,Sometimes your battles choose you.,6.5,731.0,60.0,58.5,59.25,0.515038590909091,-0.9416020811856197
161,Ender's Game,PG13,61,65,67.0,51,63.589306730000004,2013,1,0,0,1,0,0,0,0,0,Ender's Game,113.3,12.500305,"[{'name': 'Summit Entertainment', 'id': 491}, {'name': 'Chartoff Productions', 'id': 3200}, {'name': 'Odd Lot Entertainment', 'id': 3263}, {'name': 'K/O Paper Products', 'id': 7296}, {'name': 'Digital Domain', 'id': 31825}, {'name': 'Taleswapper', 'id': 31826}]",2013-10-23,125537191.0,114.0,Released,This is not a game.,6.6,2354.0,66.0,56.0,61.0,0.5612471909090909,-0.7817461115132367
162,Oblivion,PG13,52,61,70.0,54,91.78045205,2013,1,0,0,1,0,0,0,0,0,Oblivion,123.6,14.654053,"[{'name': 'Universal Pictures', 'id': 33}, {'name': 'Chernin Entertainment', 'id': 7076}, {'name': 'Relativity Media', 'id': 7295}, {'name': 'Monolith Pictures (III)', 'id': 19647}, {'name': 'Radical Studios', 'id': 19648}]",2013-04-10,286168572.0,124.0,Released,Earth is a memory worth fighting for,6.4,4862.0,65.5,53.0,59.25,0.7425602916666667,-0.34669199420226654
163,Man of Steel,PG13,55,75,71.0,55,299.77688354000003,2013,1,0,0,1,0,0,0,0,0,Man of Steel,231.75,18.538834,"[{'name': 'Legendary Pictures', 'id': 923}, {'name': 'Warner Bros.', 'id': 6194}, {'name': 'DC Entertainment', 'id': 9993}, {'name': 'Syncopy', 'id': 9996}, {'name': 'Cruel and Unusual Films', 'id': 78685}]",2013-06-12,662845518.0,143.0,Released,You will believe that a man can fly.,6.5,6462.0,73.0,55.0,64.0,1.2935356355555556,0.22692504751095333
164,The Spectacular Now,R,92,76,71.0,82,7.05856013,2013,0,0,0,0,1,1,1,0,0,The Spectacular Now,2.575,8.098964,"[{'name': '21 Laps Entertainment', 'id': 2575}, {'name': 'Andrew Lauren Productions (ALP)', 'id': 19194}, {'name': 'Global Produce', 'id': 30133}, {'name': 'A24', 'id': 41077}]",2013-08-02,6854611.0,95.0,Released,From the Writers of (500) Days of Summer,6.8,1074.0,73.5,87.0,80.25,2.7411884,0.635194720654735
165,A Good Day to Die Hard,R,14,40,53.0,28,69.36967394,2013,1,0,0,0,0,0,0,0,0,A Good Day to Die Hard,94.76,12.471865,"[{'name': 'Ingenious Media', 'id': 290}, {'name': 'Twentieth Century Fox Film Corporation', 'id': 306}, {'name': 'Dune Entertainment', 'id': 444}, {'name': 'Mid Atlantic Films', 'id': 2735}, {'name': 'Big Screen Productions', 'id': 10893}, {'name': 'Temple Hill Entertainment', 'id': 12292}, {'name': 'TSG Entertainment', 'id': 22213}, {'name': 'Giant Pictures', 'id': 34396}, {'name': 'Origo Film Group', 'id': 34397}]",2013-02-06,304654182.0,98.0,Released,Yippee Ki-Yay Mother Russia,5.2,3519.0,46.5,21.0,33.75,0.7320565,-0.3660147816459523
166,The Host,PG13,9,49,59.0,35,27.42241203,2013,1,0,0,1,0,0,1,0,0,The Host,11.33,9.386916,"[{'name': 'Cineclick Asia', 'id': 685}, {'name': 'Happinet Pictures', 'id': 822}, {'name': 'Cheongeoram', 'id': 945}, {'name': 'CJ Capital Investment', 'id': 946}]",2006-07-27,88489643.0,119.0,Released,Monsters are real.,6.7,546.0,54.0,22.0,38.0,2.4203364545454544,0.5868343022632352
167,Pacific Rim,PG13,71,77,70.0,64,104.85699318,2013,1,0,0,1,0,0,0,1,0,Pacific Rim,185.4,33.949359,"[{'name': 'Legendary Pictures', 'id': 923}, {'name': 'Warner Bros.', 'id': 6194}, {'name': 'Disney Double Dare You (DDY)', 'id': 19750}, {'name': 'Indochina Productions', 'id': 19751}]",2013-07-11,407602906.0,131.0,Released,"To Fight Monsters, We Created Monsters",6.7,4903.0,73.5,67.5,70.5,0.5655717,-0.7681224148945218
168,The Call,R,45,65,67.0,51,53.428549340000004,2013,0,0,0,0,0,0,0,0,1,The Call,13.39,8.611077,"[{'name': 'TriStar Pictures', 'id': 559}, {'name': 'WWE Studios', 'id': 10339}, {'name': 'Troika Pictures', 'id': 15462}, {'name': 'Emergency Films', 'id': 15463}, {'name': 'Apotheosis Media Group', 'id': 15464}, {'name': 'Amasia Entertainment', 'id': 15465}]",2013-03-14,68572378.0,94.0,Released,There are 188 million 911 calls a year. This one made it personal.,6.6,1275.0,66.0,48.0,57.0,3.9901829230769232,0.7493849231280664
169,Lucy,R,67,47,64.0,61,127.83969959999999,2014,1,0,0,0,0,0,0,0,0,Lucy,40.4,36.447603,"[{'name': 'Universal Pictures', 'id': 33}, {'name': 'TF1 Films Production', 'id': 3823}, {'name': 'Canal+', 'id': 5358}, {'name': 'EuropaCorp', 'id': 6896}, {'name': 'Ciné+', 'id': 23616}]",2014-07-14,126546825.0,89.0,Released,The average person uses 10% of their brain capacity. Imagine what she could do with 100%.,6.3,6048.0,55.5,64.0,59.75,3.1643489999999996,0.683979232379235
170,Beyond the Lights,PG13,83,75,69.0,73,14.76491427,2014,0,0,0,0,0,1,0,0,0,Beyond the Lights,7.07,6.293515,"[{'name': 'Relativity Media', 'id': 7295}, {'name': 'Homegrown Pictures', 'id': 8840}, {'name': 'Black Entertainment Television (BET)', 'id': 42321}, {'name': 'Relativity Sports', 'id': 86115}, {'name': 'Undisputed Cinema', 'id': 86116}]",2014-09-10,14618727.0,116.0,Released,"Open your heart, find your voice.",7.0,139.0,72.0,78.0,75.0,2.0883895714285714,0.5211621367578723
171,And So It Goes,PG13,18,40,58.0,38,15.31240901,2014,0,0,0,0,1,1,1,0,0,And So It Goes,18.18,7.69684,"[{'name': 'Castle Rock Entertainment', 'id': 97}, {'name': 'Envision Entertainment', 'id': 31832}, {'name': 'ASIG Productions', 'id': 32245}]",2014-07-20,25312387.0,94.0,Released,,5.7,166.0,49.0,28.0,38.5,0.8422667222222222,-0.18727236113711934
172,The Hobbit: The Battle of the Five Armies,R,60,75,74.0,59,257.67098588,2014,1,0,0,1,0,0,0,0,0,The Hobbit: The Battle of the Five Armies,252.5,31.718977,"[{'name': 'WingNut Films', 'id': 11}, {'name': 'New Line Cinema', 'id': 12}, {'name': 'Warner Bros. Pictures', 'id': 174}, {'name': '3Foot7', 'id': 7413}, {'name': 'Metro-Goldwyn-Mayer (MGM)', 'id': 8411}]",2014-12-10,956019788.0,144.0,Released,Witness the defining chapter of the Middle-Earth saga,7.1,4884.0,74.5,59.5,67.0,1.020479152,0.020068172838086512
173,Birdman,R,92,77,78.0,88,42.76400398,2014,0,0,0,0,1,1,0,0,0,Birdman,18.18,18.193263,"[{'name': 'Worldview Entertainment', 'id': 9015}, {'name': 'New Regency Pictures', 'id': 10104}, {'name': 'TSG Entertainment', 'id': 22213}, {'name': 'Le Grisbi Productions', 'id': 47169}, {'name': 'M Productions', 'id': 52660}]",2014-08-27,103215094.0,119.0,Released,or (The Unexpected Virtue of Ignorance),7.4,4657.0,77.5,90.0,83.75,2.3522554444444443,0.5748761035448767
174,Paddington,PG,98,80,72.0,77,76.98581378,2014,0,0,1,0,1,0,0,0,0,Paddington,55.55,15.686837,"[{'name': 'The Weinstein Company', 'id': 308}, {'name': 'StudioCanal', 'id': 694}, {'name': 'TF1 Films Production', 'id': 3823}, {'name': 'Canal+', 'id': 5358}, {'name': 'Heyday Films', 'id': 7364}, {'name': 'Ciné+', 'id': 10611}, {'name': 'Anton Capital Entertainment (ACE)', 'id': 20664}, {'name': 'TF1', 'id': 22123}, {'name': 'Amazon Prime Instant Video', 'id': 58773}]",2014-11-27,259207227.0,95.0,Released,The Adventure Begins,7.0,899.0,76.0,87.5,81.75,1.3858832363636364,0.2784384905153626
175,Winter's Tale,PG13,13,43,62.0,31,12.726233310000001,2014,0,0,0,1,0,1,0,0,1,Winter's Tale,60.6,7.363527,"[{'name': 'Village Roadshow Pictures', 'id': 79}, {'name': 'Weed Road Pictures', 'id': 433}, {'name': 'Warner Bros.', 'id': 6194}]",2014-02-13,30800231.0,118.0,Released,This is not a true story. This is true love.,6.0,501.0,52.5,22.0,37.25,0.21000385000000002,-3.761817461917959
176,The Amazing Spider-Man 2,PG13,52,64,67.0,53,204.88247233,2014,1,0,0,1,0,1,0,0,0,The Amazing Spider-Man 2,202.0,26.23687,"[{'name': 'Columbia Pictures', 'id': 5}, {'name': 'Marvel Enterprises', 'id': 19551}, {'name': 'Avi Arad Productions', 'id': 31828}, {'name': 'Matt Tolmach Productions', 'id': 53462}]",2014-04-16,705717432.0,142.0,Released,No more secrets.,6.5,4274.0,65.5,52.5,59.0,1.014269665,0.014068906418491836
177,Sex Tape,R,17,33,51.0,36,38.92890773,2014,0,0,0,0,1,0,0,0,0,Sex Tape,40.4,27.470696,"[{'name': 'Escape Artists', 'id': 1423}, {'name': 'Media Rights Capital', 'id': 2531}, {'name': 'Sony Pictures Entertainment (SPE)', 'id': 7431}, {'name': 'LStar Capital', 'id': 34034}]",2014-07-17,126069509.0,97.0,Released,A movie about a movie they don't want you to see.,5.2,1733.0,42.0,26.5,34.25,0.963586825,-0.0377891997433651
178,The Maze Runner,PG13,65,68,68.0,57,103.45214062000001,2014,1,0,0,1,0,0,0,0,1,The Maze Runner,34.34,76.93789,"[{'name': 'Ingenious Media', 'id': 290}, {'name': 'Twentieth Century Fox Film Corporation', 'id': 306}, {'name': 'Gotham Group', 'id': 3672}, {'name': 'Dayday Films', 'id': 8569}, {'name': 'Temple Hill Entertainment', 'id': 12292}, {'name': 'TSG Entertainment', 'id': 22213}]",2014-09-10,348319861.0,113.0,Released,Run - Remember - Survive,7.0,5540.0,68.0,61.0,64.5,3.0125841764705883,0.6680590677563883
179,Transformers: Age of Extinction,PG13,18,51,57.0,32,247.89346676,2014,1,0,0,1,0,0,0,0,0,Transformers: Age of Extinction,212.1,18.495599,"[{'name': 'Paramount Pictures', 'id': 4}, {'name': 'Amblin Entertainment', 'id': 56}, {'name': 'Di Bonaventura Pictures', 'id': 435}, {'name': 'Platinum Dunes', 'id': 2481}, {'name': 'China Movie Channel', 'id': 11413}, {'name': 'Hasbro Studios', 'id': 22826}, {'name': 'Ian Bryce Productions', 'id': 38833}, {'name': 'Revolution Sun Studios', 'id': 76043}]",2014-06-25,1091405097.0,165.0,Released,This is not war. It's extinction.,5.8,3136.0,54.0,25.0,39.5,1.1687575047619048,0.14439052076613915
180,The Expendables 3,PG13,32,49,61.0,35,39.715769439999995,2014,1,0,0,0,0,0,0,0,0,The Expendables 3,90.9,14.753545,"[{'name': 'Davis-Films', 'id': 342}, {'name': 'Nu Image Films', 'id': 925}, {'name': 'LionsGate', 'id': 7571}, {'name': 'Millennium Films', 'id': 10254}, {'name': 'Ex3 Productions', 'id': 28384}, {'name': 'Fipex Holding', 'id': 40822}]",2014-08-04,206172544.0,127.0,Released,New team. New attitude. New mission.,6.1,1830.0,55.0,33.5,44.25,0.4369171555555555,-1.2887634126622127
181,If I Stay,PG13,35,61,68.0,46,50.97959143,2014,0,0,0,0,0,1,0,0,0,If I Stay,11.11,9.659244,"[{'name': 'New Line Cinema', 'id': 12}, {'name': 'Metro-Goldwyn-Mayer (MGM)', 'id': 8411}]",2014-08-21,78874843.0,106.0,Released,Live for Love.,7.3,1415.0,64.5,40.5,52.5,4.588622090909091,0.7820696539858479
182,Wild,R,90,75,71.0,76,38.25915956,2014,0,0,0,0,0,1,0,0,0,Wild,15.15,11.209154,"[{'name': 'Fox Searchlight Pictures', 'id': 43}, {'name': 'Pacific Standard', 'id': 15829}, {'name': 'bob industries', 'id': 93542}]",2014-12-05,52501541.0,115.0,Released,,7.0,961.0,73.0,83.0,78.0,2.5253570666666665,0.6040163930877525
183,The Assassin,NR,80,48,63.0,80,0.6388674200000001,2015,1,0,0,0,0,1,0,0,0,The Assassin,15.15,6.294815,"[{'name': 'Media Asia Films', 'id': 5552}, {'name': 'Sil-Metropole Organisation', 'id': 5686}, {'name': 'Central Motion Pictures', 'id': 25345}, {'name': 'Zhejiang Huace Film & TV', 'id': 85047}, {'name': 'China Dream Film Culture Industry', 'id': 85048}, {'name': 'SpotFilms', 'id': 85049}]",2015-08-27,632542.0,105.0,Released,,6.6,158.0,55.5,80.0,67.75,0.04216946666666667,-22.713840345779406
184,Tomorrowland,PG,50,49,65.0,60,94.37068522,2015,0,0,0,1,0,0,0,0,0,Tomorrowland,191.9,22.296076,"[{'name': 'Walt Disney Pictures', 'id': 2}, {'name': 'Babieka', 'id': 20656}, {'name': 'A113', 'id': 59778}]",2015-05-19,209154322.0,130.0,Released,Imagine a world where nothing is impossible.,6.2,2904.0,57.0,55.0,56.0,0.49177011578947366,-1.0334704527432064
185,We Are Your Friends,R,40,42,62.0,46,3.6273311699999997,2015,0,0,0,0,0,1,0,0,0,We Are Your Friends,6.06,9.023686,"[{'name': 'Working Title Films', 'id': 10163}]",2015-08-26,11122090.0,96.0,Released,The world is yours.,6.3,673.0,52.0,43.0,47.5,0.5985695,-0.6706497741699168
186,Cinderella,PG,83,78,70.0,67,203.16286653,2015,0,0,1,1,0,0,1,0,0,Cinderella,95.0,14.436858,"[{'name': 'RKO Radio Pictures', 'id': 6}, {'name': 'Walt Disney Productions', 'id': 3166}]",1950-03-04,263591415.0,74.0,Released,The greatest love story ever told.,6.8,1760.0,74.0,75.0,74.5,2.1385564897894738,0.532394863182481
187,The Revenant,R,80,84,80.0,76,185.47427294,2015,1,0,0,0,0,1,0,0,0,The Revenant,136.35,23.501228,"[{'name': 'Regency Enterprises', 'id': 508}, {'name': 'Appian Way', 'id': 562}, {'name': 'CatchPlay', 'id': 8870}, {'name': 'Anonymous Content', 'id': 10039}, {'name': 'New Regency Pictures', 'id': 10104}, {'name': 'Hong Kong Alpha Motion Pictures Co.', 'id': 13796}, {'name': 'RatPac Entertainment', 'id': 28732}, {'name': 'M Productions', 'id': 52660}, {'name': 'Monarchy Enterprises S.a.r.l.', 'id': 77845}]",2015-12-25,532950503.0,156.0,Released,"(n. One who has returned, as if from the dead.)",7.3,6558.0,82.0,78.0,80.0,1.3602806962962963,0.26485761157770626
188,Love the Coopers,PG13,19,36,57.0,31,26.56575831,2015,0,0,0,0,1,0,0,0,0,Love the Coopers,17.17,5.660649,"[{'name': 'Imagine Entertainment', 'id': 23}, {'name': 'Groundswell Productions', 'id': 4205}, {'name': 'CBS Films', 'id': 5490}]",2015-11-12,42426912.0,107.0,Released,"Christmas means comfort, joy and chaos.",5.4,169.0,46.5,25.0,35.75,1.5472194705882352,0.35367928144039484
189,The Transporter Refueled,PG13,15,30,51.0,32,16.1899667,2015,1,0,0,0,0,0,0,0,0,The Transporter Refueled,25.25,11.007319,"[{'name': 'EuropaCorp', 'id': 6896}]",2015-09-03,72629670.0,96.0,Released,He Delivers.,5.3,573.0,40.5,23.5,32.0,0.6411868,-0.5596079020965498
190,Max,PG,35,70,68.0,47,43.082817549999994,2015,1,0,0,0,0,0,0,0,0,Max,11.11,5.740474,"[{'name': 'Film Council', 'id': 246}, {'name': 'Alliance Atlantis Communications', 'id': 803}, {'name': 'Pathé Pictures International', 'id': 1178}, {'name': 'AAMPI Inc.', 'id': 2771}, {'name': 'Bioskop Film', 'id': 5982}, {'name': 'Canadian Film or Video Production Tax Credit (CPTC)', 'id': 8582}, {'name': 'H2O Motion Pictures', 'id': 11875}, {'name': 'Aconit Pictures', 'id': 52620}, {'name': 'JAP Films', 'id': 52621}, {'name': 'Natural Nylon II', 'id': 52622}]",2002-09-10,0.0,106.0,Released,Art + Politics = Power,6.2,39.0,69.0,41.0,55.0,3.8778413636363633,0.7421245723516985
191,Strangerland,R,39,24,52.0,42,0.01764672,2015,0,0,0,0,0,1,0,0,1,Strangerland,10.1,5.975657,"[{'name': 'Worldview Entertainment', 'id': 9015}]",2015-07-01,17472.0,111.0,Released,To find the truth they must lose themselves.,5.1,90.0,38.0,40.5,39.25,0.0017472000000000002,-571.3443223443223
192,Unfinished Business,R,11,26,54.0,32,10.32169601,2015,0,0,0,0,1,0,0,0,0,Unfinished Business,35.35,10.24952,"[{'name': 'Studio Babelsberg', 'id': 264}, {'name': 'Regency Enterprises', 'id': 508}, {'name': 'Escape Artists', 'id': 1423}, {'name': 'New Regency Pictures', 'id': 10104}]",2015-03-05,14431253.0,91.0,Released,Best business trip ever.,5.0,322.0,40.0,21.5,30.75,0.29198574285714285,-2.424824754163633
193,While We're Young,R,84,51,63.0,77,7.657885650000001,2015,0,0,0,0,1,1,0,0,0,While We're Young,10.1,9.42755,"[{'name': 'Scott Rudin Productions', 'id': 258}, {'name': 'A24', 'id': 41077}]",2015-04-03,7587485.0,97.0,Released,Life Never Gets Old.,5.8,387.0,57.0,80.5,68.75,0.7582065000000001,-0.31890190864889695
194,Black Mass,R,73,68,69.0,68,63.20143478,2015,0,0,0,0,0,1,0,0,0,Black Mass,53.53,10.61072,"[{'name': 'Infinitum Nihil', 'id': 2691}, {'name': 'Head Gear Films', 'id': 5056}, {'name': 'Cross Creek Pictures', 'id': 10246}, {'name': 'Free State Pictures', 'id': 40106}, {'name': 'RatPac-Dune Entertainment', 'id': 41624}, {'name': 'Le Grisbi Productions', 'id': 47169}, {'name': 'Vendian Entertainment', 'id': 50481}]",2015-09-04,98837872.0,122.0,Released,Keep your enemies close.,6.3,1262.0,68.5,70.5,69.5,1.1806731698113206,0.1530255573099823
195,Focus,R,56,53,66.0,56,54.40159263,2015,0,0,0,0,1,1,0,0,0,Focus,50.601,10.035362,"[{'name': 'Kramer & Sigman Films', 'id': 21914}, {'name': 'RatPac-Dune Entertainment', 'id': 41624}, {'name': 'Zaftig Films', 'id': 47586}]",2015-02-25,153962963.0,105.0,Released,Never Drop The Con.,6.7,2588.0,59.5,56.0,57.75,1.0751090419161677,0.06986178981650162
196,The Gift,R,92,75,71.0,77,44.22513765,2015,0,0,0,0,0,0,0,0,1,The Gift,10.1,7.886926,"[{'name': 'Lakeshore Entertainment', 'id': 126}, {'name': 'Alphaville Films', 'id': 11462}]",2000-12-22,12008642.0,111.0,Released,The only witness to the crime was not even there.,6.4,288.0,73.0,84.5,78.75,4.3787265,0.771623096350046
197,Furious 7,PG13,80,82,72.0,67,354.54323910000005,2015,1,0,0,0,0,0,0,0,1,Furious 7,191.9,27.275687,"[{'name': 'Universal Pictures', 'id': 33}, {'name': 'Original Film', 'id': 333}, {'name': 'Fuji Television Network', 'id': 3341}, {'name': 'Dentsu', 'id': 6452}, {'name': 'One Race Films', 'id': 7154}, {'name': 'China Film Co.', 'id': 40890}, {'name': 'Québec Production Services Tax Credit', 'id': 86352}, {'name': 'Media Rights Capital (MRC)', 'id': 86655}, {'name': 'Abu Dhabi Film Commission', 'id': 87857}, {'name': 'Colorado Office of Film, Television & Media', 'id': 87858}]",2015-04-01,1506249360.0,137.0,Released,Vengeance Hits Home,7.3,4253.0,77.0,73.5,75.25,1.8475416315789477,0.4587402075776884
198,Miracles from Heaven,PG,43,81,70.0,44,61.705123,2016,0,0,0,0,0,1,0,0,0,Miracles from Heaven,16.0,7.528099,"[{'name': 'TriStar Pictures', 'id': 559}, {'name': 'Sony Pictures Entertainment', 'id': 5752}]",2016-03-17,73883359.0,117.0,Released,How do we explain the impossible?,6.8,191.0,75.5,43.5,59.5,3.8565701875,0.7407022428267422
199,Eddie the Eagle,PG13,81,82,74.0,54,15.789389,2016,0,0,0,0,0,1,0,0,0,Eddie the Eagle,23.0,7.528276,"[{'name': 'Studio Babelsberg', 'id': 264}, {'name': 'Twentieth Century Fox Film Corporation', 'id': 306}, {'name': 'Marv Films', 'id': 5374}, {'name': 'Saville Productions', 'id': 73620}]",2016-02-26,46152411.0,106.0,Released,"Win or lose, always aim high",7.2,682.0,78.0,67.5,72.75,0.6864951739130435,-0.4566744792974573
200,Ben-Hur,PG13,25,53,57.0,38,26.410477,2016,0,0,0,0,0,1,0,0,0,Ben-Hur,15.0,14.319743,"[{'name': 'Metro-Goldwyn-Mayer (MGM)', 'id': 8411}]",1959-12-26,146900000.0,212.0,Released,The entertainment experience of a lifetime.,7.5,660.0,55.0,31.5,43.25,1.7606984666666667,0.4320435787661086
201,The Infiltrator,R,70,71,70.0,66,15.436808,2016,0,0,0,0,0,1,0,0,0,The Infiltrator,25.0,11.504398,"[{'name': 'Good Films', 'id': 68620}]",2016-07-13,15436808.0,127.0,Released,The true story of one man against the biggest drug cartel in history.,6.6,592.0,70.5,68.0,69.25,0.61747232,-0.6195057942030503
202,"Hail, Caesar!",PG13,85,44,63.0,72,30.080225,2016,0,0,0,0,1,0,0,0,0,"Hail, Caesar!",22.0,11.241366,"[{'name': 'Universal Pictures', 'id': 33}, {'name': 'Mike Zoss Productions', 'id': 2092}, {'name': 'Working Title Films', 'id': 10163}]",2016-02-05,63647656.0,106.0,Released,Lights. Camera. Abduction.,5.7,1338.0,53.5,78.5,66.0,1.3672829545454546,0.2686224920192585
203,The Young Messiah,PG,46,65,55.0,33,6.469813,2016,0,0,0,0,0,1,0,0,0,The Young Messiah,18.5,1.729199,"[{'name': 'Focus Features', 'id': 10146}]",2016-03-10,6490401.0,120.0,Released,"Before he was the savior, he was a child.",6.4,30.0,60.0,39.5,49.75,0.3497196216216216,-1.859433495218486
204,The 5th Wave,PG13,15,38,52.0,33,34.912982,2016,1,0,0,1,0,0,0,0,1,The 5th Wave,38.0,10.788263,"[{'name': 'Columbia Pictures', 'id': 5}, {'name': 'GK Films', 'id': 3281}, {'name': 'Material Pictures', 'id': 12139}, {'name': 'LStar Capital', 'id': 34034}]",2016-01-14,109906372.0,112.0,Released,Protect Your Own,5.6,1993.0,45.0,24.0,34.5,0.9187626842105263,-0.08842034747991451
205,Jason Bourne,PG13,56,56,66.0,58,162.19292,2016,1,0,0,0,0,1,0,0,0,Jason Bourne,120.0,19.133256,"[{'name': 'The Kennedy/Marshall Company', 'id': 862}, {'name': 'Captivate Entertainment', 'id': 25716}, {'name': 'Pearl Street Films', 'id': 29313}, {'name': 'Double Negative', 'id': 31922}, {'name': 'Perfect World (Beijing) Pictures Co.', 'id': 83871}]",2016-07-27,415484914.0,123.0,Released,You know his name,5.9,2386.0,61.0,57.0,59.0,1.3516076666666665,0.26014033164949485
206,Allegiant,PG13,13,42,57.0,33,66.184051,2016,1,0,0,1,0,0,1,0,0,Allegiant,110.0,18.386172,"[{'name': 'Summit Entertainment', 'id': 491}, {'name': 'Lionsgate', 'id': 1632}, {'name': 'Mandeville Films', 'id': 10227}, {'name': 'Red Wagon Entertainment', 'id': 14440}]",2016-03-09,179246868.0,121.0,Released,Break the boundaries of your world,5.9,2064.0,49.5,23.0,36.25,0.6016731909090909,-0.6620318390604408
207,Pride and Prejudice and Zombies,PG13,43,44,58.0,45,10.907291,2016,0,0,0,0,1,0,1,1,0,Pride and Prejudice and Zombies,28.0,7.954623,"[{'name': 'Lionsgate', 'id': 1632}, {'name': 'Handsomecharlie Films', 'id': 8873}, {'name': 'Cross Creek Pictures', 'id': 10246}, {'name': 'Darko Entertainment', 'id': 12622}, {'name': 'Panorama Media', 'id': 13395}, {'name': 'QC Entertainment', 'id': 72725}]",2016-02-04,16374328.0,108.0,Released,Bloody lovely.,5.5,662.0,51.0,44.0,47.5,0.38954610714285715,-1.5670902151597494
208,13 Hours: The Secret Soldiers of Benghazi,R,50,82,73.0,48,52.853219,2016,1,0,0,0,0,1,0,0,0,13 Hours: The Secret Soldiers of Benghazi,50.0,18.022579,"[{'name': 'Paramount Pictures', 'id': 4}, {'name': '3 Arts Entertainment', 'id': 787}, {'name': 'Bay Films', 'id': 6734}, {'name': 'Latina Pictures', 'id': 19108}, {'name': 'Dune Films', 'id': 19477}]",2016-01-13,69411370.0,144.0,Released,"When everything went wrong, six men had the courage to do what was right.",7.0,963.0,77.5,49.0,63.25,1.0570643800000001,0.053983826415568044
209,Race,PG13,61,77,71.0,56,19.115191,2016,0,0,0,0,0,1,0,0,0,Race,5.0,7.979302,"[{'name': 'Forecast Pictures', 'id': 12686}, {'name': 'Solofilms', 'id': 50083}, {'name': 'JoBro Productions & Film Finance', 'id': 50084}, {'name': 'Trinity Race', 'id': 78218}]",2016-02-19,24804129.0,134.0,Released,The incredible true story of gold medal champion Jesse Owens,7.0,492.0,74.0,58.5,66.25,3.8230382,0.7384279340970226
210,God's Not Dead 2,PG,9,63,43.0,22,20.773069,2016,0,0,0,0,0,1,0,0,0,God's Not Dead 2,5.0,5.957998,"[{'name': 'Pure Flix Productions', 'id': 79986}]",2016-04-01,23507567.0,121.0,Released,,5.6,73.0,53.0,15.5,34.25,4.1546138,0.7593037408194234
211,The Purge: Election Year,R,54,48,60.0,55,79.04244,2016,1,0,0,0,0,0,0,1,1,The Purge: Election Year,10.0,13.1789,"[{'name': 'Universal Pictures', 'id': 33}, {'name': 'Why Not Productions', 'id': 729}, {'name': 'Platinum Dunes', 'id': 2481}, {'name': 'Blumhouse Productions', 'id': 3172}]",2016-06-29,118587880.0,105.0,Released,Keep America great,6.1,1356.0,54.0,54.5,54.25,7.904244,0.8734856869297051
212,Warcraft,PG13,28,77,69.0,32,47.225655,2016,1,0,0,1,0,0,0,0,0,Warcraft,160.0,12.572718,"[{'name': 'Universal Pictures', 'id': 33}, {'name': 'Atlas Entertainment', 'id': 507}, {'name': 'Legendary Pictures', 'id': 923}, {'name': 'Blizzard Entertainment', 'id': 16028}]",2016-05-25,433677183.0,123.0,Released,Two worlds. One home.,6.3,2325.0,73.0,30.0,51.5,0.29516034375,-2.387989007246167
